MSSubClass,LotArea,OverallQual,OverallCond,YearBuilt,YearRemodAdd,MasVnrArea,1stFlrSF,2ndFlrSF,GrLivArea,FullBath,BedroomAbvGr,TotRmsAbvGrd,Fireplaces,GarageYrBlt,GarageCars,GarageArea,PoolArea,SalePrice
60,8450,7,5,2003,2003,196,856,854,1710,2,3,8,0,2003,2,548,0,208500
20,9600,6,8,1976,1976,0,1262,0,1262,2,3,6,1,1976,2,460,0,181500
60,11250,7,5,2001,2002,162,920,866,1786,2,3,6,1,2001,2,608,0,223500
70,9550,7,5,1915,1970,0,961,756,1717,1,3,7,1,1998,3,642,0,140000
60,14260,8,5,2000,2000,350,1145,1053,2198,2,4,9,1,2000,3,836,0,250000
50,14115,5,5,1993,1995,0,796,566,1362,1,1,5,0,1993,2,480,0,143000
20,10084,8,5,2004,2005,186,1694,0,1694,2,3,7,1,2004,2,636,0,307000
60,10382,7,6,1973,1973,240,1107,983,2090,2,3,7,2,1973,2,484,0,200000
50,6120,7,5,1931,1950,0,1022,752,1774,2,2,8,2,1931,2,468,0,129900
190,7420,5,6,1939,1950,0,1077,0,1077,1,2,5,2,1939,1,205,0,118000
20,11200,5,5,1965,1965,0,1040,0,1040,1,3,5,0,1965,1,384,0,129500
60,11924,9,5,2005,2006,286,1182,1142,2324,3,4,11,2,2005,3,736,0,345000
20,12968,5,6,1962,1962,0,912,0,912,1,2,4,0,1962,1,352,0,144000
20,10652,7,5,2006,2007,306,1494,0,1494,2,3,7,1,2006,3,840,0,279500
20,10920,6,5,1960,1960,212,1253,0,1253,1,2,5,1,1960,1,352,0,157000
45,6120,7,8,1929,2001,0,854,0,854,1,2,5,0,1991,2,576,0,132000
20,11241,6,7,1970,1970,180,1004,0,1004,1,2,5,1,1970,2,480,0,149000
90,10791,4,5,1967,1967,0,1296,0,1296,2,2,6,0,1967,2,516,0,90000
20,13695,5,5,2004,2004,0,1114,0,1114,1,3,6,0,2004,2,576,0,159000
20,7560,5,6,1958,1965,0,1339,0,1339,1,3,6,0,1958,1,294,0,139000
60,14215,8,5,2005,2006,380,1158,1218,2376,3,4,9,1,2005,3,853,0,325300
45,7449,7,7,1930,1950,0,1108,0,1108,1,3,6,1,1930,1,280,0,139400
20,9742,8,5,2002,2002,281,1795,0,1795,2,3,7,1,2002,2,534,0,230000
120,4224,5,7,1976,1976,0,1060,0,1060,1,3,6,1,1976,2,572,0,129900
20,8246,5,8,1968,2001,0,1060,0,1060,1,3,6,1,1968,1,270,0,154000
20,14230,8,5,2007,2007,640,1600,0,1600,2,3,7,1,2007,3,890,0,256300
20,7200,5,7,1951,2000,0,900,0,900,1,3,5,0,2005,2,576,0,134800
20,11478,8,5,2007,2008,200,1704,0,1704,2,3,7,1,2008,3,772,0,306000
20,16321,5,6,1957,1997,0,1600,0,1600,1,2,6,2,1957,1,319,0,207500
30,6324,4,6,1927,1950,0,520,0,520,1,1,4,0,1920,1,240,0,68500
70,8500,4,4,1920,1950,0,649,668,1317,1,3,6,0,1920,1,250,0,40000
20,8544,5,6,1966,2006,0,1228,0,1228,1,3,6,0,1966,1,271,0,149350
20,11049,8,5,2007,2007,0,1234,0,1234,2,3,7,0,2007,2,484,0,179900
20,10552,5,5,1959,1959,0,1700,0,1700,1,4,6,1,1959,2,447,0,165500
120,7313,9,5,2005,2005,246,1561,0,1561,2,2,6,1,2005,2,556,0,277500
60,13418,8,5,2004,2005,132,1132,1320,2452,3,4,9,1,2004,3,691,0,309000
20,10859,5,5,1994,1995,0,1097,0,1097,1,3,6,0,1995,2,672,0,145000
20,8532,5,6,1954,1990,650,1297,0,1297,1,3,5,1,1954,2,498,0,153000
20,7922,5,7,1953,2007,0,1057,0,1057,1,3,5,0,1953,1,246,0,109000
90,6040,4,5,1955,1955,0,1152,0,1152,2,2,6,0,NA,0,0,0,82000
20,8658,6,5,1965,1965,101,1324,0,1324,2,3,6,1,1965,2,440,0,160000
20,16905,5,6,1959,1959,0,1328,0,1328,1,2,5,2,1959,1,308,0,170000
85,9180,5,7,1983,1983,0,884,0,884,1,2,5,0,1983,2,504,0,144000
20,9200,5,6,1975,1980,0,938,0,938,1,3,5,0,1977,1,308,0,130250
20,7945,5,6,1959,1959,0,1150,0,1150,1,3,6,0,1959,1,300,0,141000
120,7658,9,5,2005,2005,412,1752,0,1752,2,2,6,1,2005,2,576,0,319900
50,12822,7,5,2003,2003,0,1518,631,2149,1,1,6,1,2003,2,670,0,239686
20,11096,8,5,2006,2006,0,1656,0,1656,2,3,7,0,2006,3,826,0,249700
190,4456,4,5,1920,2008,0,736,716,1452,2,2,8,0,NA,0,0,0,113000
20,7742,5,7,1966,1966,0,955,0,955,1,3,6,0,1966,1,386,0,127000
60,13869,6,6,1997,1997,0,794,676,1470,2,3,6,0,1997,2,388,0,177000
50,6240,6,6,1934,1950,0,816,0,1176,1,3,6,1,1985,2,528,0,114500
90,8472,5,5,1963,1963,0,816,0,816,1,2,5,0,1963,2,516,0,110000
20,50271,9,5,1981,1987,0,1842,0,1842,0,0,5,1,1981,3,894,0,385000
80,7134,5,5,1955,1955,0,1360,0,1360,1,3,6,1,1962,2,572,0,130000
20,10175,6,5,1964,1964,272,1425,0,1425,2,3,7,1,1964,2,576,0,180500
160,2645,8,5,1999,2000,456,983,756,1739,2,3,7,0,1999,2,480,0,172500
60,11645,7,5,2004,2004,0,860,860,1720,2,3,7,0,2004,2,565,0,196500
60,13682,10,5,2006,2006,1031,1426,1519,2945,3,3,10,1,2006,3,641,0,438780
20,7200,5,7,1972,1972,0,780,0,780,1,2,4,0,1973,1,352,0,124900
20,13072,6,5,2004,2004,0,1158,0,1158,1,3,5,0,2006,2,576,0,158000
75,7200,5,7,1920,1996,0,581,530,1111,1,3,6,0,1935,1,288,0,101000
120,6442,8,5,2006,2006,178,1370,0,1370,2,2,6,1,2006,2,484,0,202500
70,10300,7,6,1921,1950,0,902,808,1710,2,3,9,0,1990,2,480,0,140000
60,9375,7,5,1997,1998,573,1057,977,2034,2,3,8,0,1998,2,645,0,219500
60,9591,8,5,2004,2005,344,1143,1330,2473,2,4,9,1,2004,3,852,0,317000
20,19900,7,5,1970,1989,287,2207,0,2207,2,3,7,1,1970,2,576,0,180000
20,10665,7,5,2003,2003,167,1479,0,1479,2,3,7,0,2003,2,558,0,226000
30,4608,4,6,1945,1950,0,747,0,747,1,2,4,0,1945,1,220,0,80000
50,15593,7,4,1953,1953,0,1304,983,2287,2,3,7,1,1953,2,667,0,225000
20,13651,7,6,1973,1973,1115,2223,0,2223,2,3,8,2,1973,2,516,0,244000
20,7599,4,6,1982,2006,0,845,0,845,1,2,4,0,1987,2,360,0,129500
60,10141,7,5,1998,1998,40,885,833,1718,2,3,7,1,1998,2,427,0,185000
20,10200,5,7,1954,2003,104,1086,0,1086,1,3,6,0,1989,2,490,0,144900
50,5790,3,6,1915,1950,0,840,765,1605,2,3,8,0,1915,1,379,0,107400
180,1596,4,5,1973,1973,0,526,462,988,1,2,5,0,1973,1,297,0,91000
20,8475,4,7,1956,1956,0,952,0,952,1,2,4,0,1956,1,283,0,135750
50,8635,5,5,1948,2001,0,1072,213,1285,1,2,6,0,1948,1,240,0,127000
90,10778,4,5,1968,1968,0,1768,0,1768,2,4,8,0,NA,0,0,0,136500
50,10440,5,6,1910,1981,0,682,548,1230,1,2,5,0,1966,2,440,0,110000
60,13000,6,6,1968,1968,576,1182,960,2142,2,4,8,1,1968,1,509,0,193500
120,4500,6,5,1998,1998,443,1337,0,1337,2,2,5,0,1998,2,405,0,153500
20,10206,8,5,2007,2007,468,1563,0,1563,2,3,6,1,2007,3,758,0,245000
20,8892,5,5,1960,1960,66,1065,0,1065,1,3,6,0,1974,2,461,0,126500
80,8530,7,5,1995,1996,22,804,670,1474,2,3,7,1,1995,2,400,0,168500
60,16059,8,5,1991,1992,284,1301,1116,2417,2,4,9,1,1991,2,462,0,260000
60,11911,6,5,2005,2005,0,684,876,1560,2,3,6,1,2005,2,400,0,174000
160,3951,6,5,2009,2009,76,612,612,1224,2,2,4,0,2009,2,528,0,164500
50,8470,3,2,1915,1982,0,1013,0,1526,1,2,6,0,NA,0,0,0,85000
20,8070,4,5,1994,1995,0,990,0,990,1,3,5,0,NA,0,0,0,123600
20,7200,4,5,1950,1950,0,1040,0,1040,1,2,4,0,1950,2,420,0,109900
20,8500,5,3,1961,1961,203,1235,0,1235,1,2,6,0,1961,2,480,0,98600
30,13360,5,7,1921,2006,0,964,0,964,1,2,5,0,1921,2,432,0,163500
190,7200,6,6,1910,1998,0,1260,1031,2291,2,4,9,1,1900,2,506,0,133900
60,9337,6,5,1997,1997,0,905,881,1786,2,3,7,0,1997,2,684,0,204750
60,9765,6,8,1993,1993,68,680,790,1470,2,3,6,1,1993,2,420,0,185000
20,10264,7,5,1999,1999,183,1588,0,1588,2,3,6,0,1999,2,472,0,214000
20,10921,4,5,1965,1965,48,960,0,960,1,3,6,0,1965,1,432,0,94750
30,10625,5,5,1920,1950,0,835,0,835,1,2,5,0,1920,1,366,0,83000
20,9320,4,5,1959,1959,0,1225,0,1225,1,3,6,0,NA,0,0,0,128950
20,10603,6,7,1977,2001,28,1610,0,1610,2,3,6,2,1977,2,480,0,205000
60,9206,6,5,1985,1985,336,977,755,1732,2,3,7,1,1985,2,476,0,178000
90,7018,5,5,1979,1979,0,1535,0,1535,2,4,8,0,1979,2,410,0,118964
20,10402,7,5,2009,2009,0,1226,0,1226,2,3,6,0,2009,3,740,0,198900
50,7758,7,4,1931,1950,600,1226,592,1818,1,4,7,2,1951,1,240,0,169500
60,9375,8,5,2003,2004,768,1053,939,1992,2,3,9,1,2003,2,648,0,250000
30,10800,4,7,1885,1995,0,1047,0,1047,1,2,6,0,1954,1,273,0,100000
20,6000,5,5,1948,1950,0,789,0,789,1,2,5,0,1948,1,250,0,115000
50,8500,5,7,1919,2005,0,997,520,1517,2,3,7,0,NA,0,0,0,115000
20,11751,6,6,1977,1977,480,1844,0,1844,2,3,7,1,1977,2,546,0,190000
50,9525,6,4,1954,1972,0,1216,639,1855,2,4,7,0,1954,1,325,0,136900
80,7750,7,5,2000,2000,0,774,656,1430,2,3,7,1,2000,2,400,0,180000
60,9965,7,5,2007,2007,220,1282,1414,2696,2,4,10,1,2007,3,792,0,383970
20,21000,6,5,1953,1953,184,2259,0,2259,2,3,7,2,1953,2,450,0,217000
70,7259,6,8,1945,2002,0,1436,884,2320,2,3,9,1,1945,1,180,0,259500
160,3230,6,5,1999,1999,1129,729,729,1458,2,2,5,1,1999,2,440,0,176000
20,11616,5,5,1962,1962,116,1092,0,1092,1,3,6,1,1962,1,288,0,139000
20,8536,5,5,2006,2007,0,1125,0,1125,1,2,5,0,2007,2,430,0,155000
60,12376,7,5,1990,1990,0,1699,1523,3222,3,5,11,2,1990,3,594,0,320000
60,8461,6,5,2005,2006,0,728,728,1456,2,3,8,1,2005,2,390,0,163990
80,21453,6,5,1969,1969,0,988,0,988,1,1,4,2,1969,2,540,0,180000
50,6060,4,5,1939,1950,0,772,351,1123,1,3,4,0,1979,1,264,0,100000
20,9464,6,7,1958,1958,135,1080,0,1080,1,3,5,0,1958,1,288,0,136000
120,7892,6,5,1993,1993,0,1199,0,1199,2,2,5,0,1993,2,530,0,153900
20,17043,6,5,1979,1998,0,1586,0,1586,2,3,7,1,1979,2,435,0,181000
190,6780,6,8,1935,1982,0,520,0,754,1,2,5,0,NA,0,0,0,84500
120,4928,6,5,1976,1976,0,958,0,958,2,2,5,1,1977,2,440,0,128000
45,4388,5,7,1930,1950,0,840,0,840,1,3,5,1,NA,0,0,0,87000
60,7590,6,5,1966,1966,266,660,688,1348,1,3,6,1,1966,2,453,0,155000
20,8973,5,7,1958,1991,85,1053,0,1053,1,3,6,0,1998,2,750,0,150000
60,14200,7,6,1966,1966,309,1216,941,2157,2,4,8,2,1966,2,487,0,226000
60,12224,6,5,2000,2000,40,1022,1032,2054,2,3,7,1,2000,2,390,0,244000
20,7388,5,6,1959,2002,0,1327,0,1327,1,3,7,0,1974,2,624,0,150750
20,6853,8,5,2001,2002,136,1296,0,1296,2,2,6,0,2001,2,471,0,220000
20,10335,5,6,1968,1993,0,1721,0,1721,2,3,7,1,1968,2,440,0,180000
20,10400,7,6,1970,1970,288,1682,0,1682,2,3,7,1,1970,2,530,0,174000
20,10355,5,5,1967,1967,196,1214,0,1214,2,3,5,1,1967,1,318,0,143000
90,11070,7,5,1988,1989,70,1959,0,1959,3,5,9,0,1989,3,766,0,171000
60,9066,8,5,1999,2000,320,1004,848,1852,2,3,7,2,1999,3,660,0,230000
60,15426,6,5,1997,1997,0,928,836,1764,2,3,7,0,1997,2,470,0,231500
20,10500,4,5,1971,1971,0,864,0,864,1,3,5,1,NA,0,0,0,115000
20,11645,7,5,2005,2005,0,1734,0,1734,2,3,7,0,2005,2,660,0,260000
50,8520,5,4,1952,1952,0,910,475,1385,2,4,6,0,2000,2,720,0,166000
20,10335,7,5,1999,1999,183,1501,0,1501,2,3,6,0,1999,2,577,0,204000
90,9100,5,5,1963,1963,336,1728,0,1728,2,6,10,0,1963,2,504,0,125000
160,2522,6,5,2004,2006,50,970,739,1709,2,3,7,0,2004,2,380,0,130000
30,6120,5,7,1931,1993,0,875,0,875,1,2,5,0,1931,1,180,0,105000
60,9505,7,5,2001,2001,180,884,1151,2035,2,3,8,1,2001,2,434,0,222500
20,7500,7,5,2004,2005,120,1080,0,1080,1,3,6,0,NA,0,0,0,141000
50,6240,5,4,1936,1950,0,896,448,1344,1,3,7,0,1936,1,240,0,115000
20,10356,5,6,1975,1975,0,969,0,969,1,3,5,0,1975,2,440,0,122000
20,13891,8,5,2007,2008,436,1710,0,1710,2,2,6,1,2007,3,866,0,372402
60,14803,6,5,1971,1971,252,1097,896,1993,2,4,8,1,1971,2,495,0,190000
20,13500,6,7,1960,1975,0,1252,0,1252,1,1,4,1,1960,2,564,0,235000
30,11340,6,5,1923,1950,0,1200,0,1200,1,4,7,0,1923,1,312,0,125000
50,9600,6,5,1924,1950,0,572,524,1096,1,2,5,0,NA,0,0,0,79000
20,7200,5,7,1950,1950,0,1040,0,1040,1,2,5,0,1950,2,625,0,109500
60,12003,8,5,2009,2010,84,774,1194,1968,2,4,8,1,2009,3,680,0,269500
60,12552,7,5,2004,2005,0,991,956,1947,2,3,8,1,2004,2,678,0,254900
60,19378,7,5,2005,2006,456,1392,1070,2462,2,4,9,1,2006,2,576,0,320000
20,11120,6,6,1984,1984,0,1232,0,1232,2,3,6,0,1984,2,516,0,162500
60,13688,9,5,2003,2004,664,1572,1096,2668,2,3,10,2,2003,3,726,0,412500
20,12182,7,5,2005,2005,226,1541,0,1541,2,3,7,1,2005,2,532,0,220000
45,5500,4,6,1956,1956,0,882,0,882,1,1,4,0,NA,0,0,0,103200
40,5400,6,7,1926,2004,0,1149,467,1616,2,3,5,0,1926,1,216,0,152000
190,10106,5,7,1940,1999,0,808,547,1355,2,4,6,0,NA,0,0,0,127500
20,10708,5,5,1955,1993,0,1867,0,1867,1,2,7,3,1955,1,303,0,190000
60,10562,8,5,2007,2007,300,1610,551,2161,1,3,8,1,2007,3,789,0,325624
60,8244,7,5,2004,2004,0,840,880,1720,2,3,7,1,2004,2,440,0,183500
20,16669,8,6,1981,1981,653,1707,0,1707,2,2,6,1,1981,2,511,0,228000
50,12358,5,6,1941,1950,0,854,0,1382,1,2,7,0,1991,2,660,0,128500
20,31770,6,5,1960,1960,112,1656,0,1656,1,3,7,2,1960,2,528,0,215000
160,5306,7,7,1987,1987,0,1064,703,1767,2,2,5,1,1987,2,504,0,239000
20,10197,6,5,1961,1961,491,1362,0,1362,1,3,6,1,1961,2,504,0,163000
20,12416,6,5,1986,1986,132,1651,0,1651,2,3,7,1,1986,2,616,0,184000
20,12615,6,7,1950,2001,0,2158,0,2158,2,4,7,1,1950,2,576,0,243000
60,10029,6,5,1988,1989,268,1164,896,2060,2,4,8,1,1988,2,521,0,211000
50,13650,5,5,1958,1958,0,1252,668,1920,2,4,8,1,1958,2,451,0,172500
20,17423,9,5,2008,2009,748,2234,0,2234,2,1,9,1,2009,3,1166,0,501837
30,8520,5,6,1923,2006,0,968,0,968,1,2,5,0,1935,2,480,0,100000
160,2117,6,5,2000,2000,456,769,756,1525,2,3,5,1,2000,2,440,0,177000
70,7588,7,6,1920,1950,0,901,901,1802,1,4,9,1,1920,1,216,0,200100
20,9060,5,6,1957,2006,98,1340,0,1340,1,3,7,1,1957,1,252,0,120000
50,11426,7,5,2003,2003,0,1362,720,2082,2,3,6,0,2003,2,484,0,200000
50,7438,5,8,1908,1991,0,936,316,1252,1,3,5,0,1986,2,576,0,127000
75,22950,10,9,1892,1993,0,1518,1518,3608,2,4,12,2,1993,3,840,0,475000
80,9947,7,5,1990,1991,0,1217,0,1217,2,3,6,0,1990,2,497,0,173000
50,10410,5,7,1916,1987,0,808,704,1656,2,3,8,0,1916,1,180,0,135000
90,7018,5,5,1979,1979,275,1224,0,1224,0,2,6,2,1979,2,528,0,153337
120,4923,8,5,2001,2002,0,1593,0,1593,1,0,5,1,2001,2,682,0,286000
70,10570,8,8,1932,1994,0,1549,1178,2727,2,3,10,2,1932,2,440,0,315000
60,7472,7,9,1972,2004,138,725,754,1479,1,4,7,0,1972,2,484,0,184000
20,9017,7,5,1999,1999,0,1431,0,1431,2,3,6,0,1999,2,666,0,192000
160,2522,7,5,2004,2004,50,970,739,1709,2,3,7,0,2004,2,380,0,130000
20,7180,5,7,1972,1972,0,864,0,864,1,3,5,0,1989,1,352,0,127000
160,2280,6,6,1976,1976,0,855,601,1456,2,3,7,1,1976,2,440,0,148500
20,9416,7,5,2007,2007,205,1726,0,1726,2,3,8,1,2007,3,786,0,311872
75,25419,8,4,1918,1990,0,1360,1360,3112,2,4,8,1,1918,2,795,512,235000
75,5520,6,6,1912,1950,0,929,929,2229,1,5,8,0,NA,0,0,0,104000
20,9591,8,5,2004,2005,262,1713,0,1713,2,3,7,1,2004,3,856,0,274900
20,8546,4,5,2003,2004,0,1121,0,1121,2,2,5,0,2003,2,440,0,140000
20,10125,6,6,1977,1977,0,1279,0,1279,2,3,6,2,1980,2,473,0,171500
50,7000,6,6,1924,1950,0,865,445,1310,2,2,6,0,1924,1,398,0,112000
120,4438,6,5,2004,2004,205,848,0,848,1,1,3,1,2004,2,420,0,149000
50,3500,5,7,1947,1950,0,720,564,1284,1,2,5,0,1948,1,240,0,110000
20,11851,7,5,1990,1990,0,1442,0,1442,2,3,5,0,1990,2,500,0,180500
20,13673,5,5,1962,1962,0,1696,0,1696,1,3,8,1,1962,1,349,0,143900
20,12493,4,5,1960,1960,0,1100,0,1100,1,3,6,1,1960,1,312,0,141000
60,14364,7,5,1988,1989,128,1180,882,2062,2,3,7,1,1988,2,454,0,277000
20,8250,6,7,1964,1964,260,1092,0,1092,1,3,6,0,1964,2,504,0,145000
30,5604,5,6,1925,1950,0,864,0,864,1,2,5,0,NA,0,0,0,98000
20,10420,6,5,2009,2009,0,1212,0,1212,2,3,6,0,2009,2,460,0,186000
60,8640,7,5,2009,2009,0,932,920,1852,2,3,7,1,2009,2,644,0,252678
20,13568,5,5,1995,1995,0,990,0,990,1,3,5,0,1996,2,576,0,156000
60,10900,6,7,1977,1977,153,689,703,1392,1,3,6,0,1977,1,299,0,161750
20,10011,5,6,1957,1996,64,1236,0,1236,1,2,6,1,1957,1,447,0,134450
20,8450,7,5,2004,2004,266,1436,0,1436,2,3,8,0,2004,2,484,0,210000
70,9906,4,4,1925,1950,0,810,518,1328,1,3,8,0,1940,1,210,0,107000
50,15660,7,9,1939,2006,312,1137,817,1954,1,3,8,2,1939,2,431,0,311500
120,3010,7,5,2005,2006,16,1248,0,1248,2,2,5,0,2005,2,438,0,167240
20,8990,7,5,2006,2006,0,1498,0,1498,2,2,5,0,2006,2,675,0,204900
60,8068,6,5,2002,2002,0,1010,1257,2267,2,4,8,1,2002,2,390,0,200000
60,11475,6,6,1975,1975,0,811,741,1552,2,3,6,1,1975,2,434,0,179900
20,10500,4,6,1971,1971,0,864,0,864,1,2,4,0,1989,2,576,0,97000
20,13472,10,5,2003,2003,922,2392,0,2392,2,3,8,1,2003,3,968,0,386250
160,1680,5,5,1971,1971,142,630,672,1302,2,3,6,0,1991,1,280,0,112000
60,9950,7,5,1995,1995,290,1214,1306,2520,2,4,9,1,1995,3,721,0,290000
160,1869,6,6,1970,1970,127,483,504,987,1,2,5,0,1987,1,280,0,106000
20,8521,5,5,1967,1967,0,912,0,912,1,3,5,1,1974,1,336,0,125000
120,3182,7,5,2005,2006,16,1555,0,1555,2,2,7,1,2005,2,430,0,192500
20,8760,6,6,1959,1959,220,1194,0,1194,1,3,6,0,1959,1,312,0,148000
60,15138,8,5,1995,1996,506,1490,1304,2794,2,4,9,1,1995,3,810,0,403000
160,1680,6,5,1972,1972,297,483,504,987,1,2,5,1,1972,1,288,0,94500
20,10650,5,6,1976,1976,0,894,0,894,1,3,5,0,1976,1,308,0,128200
60,7851,6,5,2002,2002,NA,860,1100,1960,2,4,8,2,2002,2,440,0,216500
160,1680,6,3,1971,1971,604,483,504,987,1,2,5,0,1971,1,264,0,89500
20,8773,7,5,2004,2004,98,1414,0,1414,2,3,6,0,2004,2,494,0,185500
60,9453,7,7,1993,2003,0,1014,730,1744,2,3,7,0,1993,2,457,0,194500
20,12030,8,5,2007,2007,254,1694,0,1694,2,3,7,0,2007,3,818,0,318000
50,8741,6,4,1945,1950,0,798,689,1487,1,3,7,1,1949,1,220,0,113000
20,9000,8,5,2008,2008,36,1566,0,1566,2,3,7,0,2008,2,750,0,262500
30,3880,5,9,1945,1997,0,866,0,866,1,2,4,0,NA,0,0,0,110500
50,5000,5,4,1900,1950,0,889,551,1440,1,3,6,0,1940,1,352,0,79000
160,10762,6,6,1980,1980,0,626,591,1217,1,3,6,1,1980,1,288,0,120000
60,8880,7,5,1994,2002,0,1222,888,2110,2,3,8,2,1994,2,463,0,205000
20,10400,7,5,1988,1988,102,1872,0,1872,2,3,6,1,1988,2,604,0,241500
190,9142,6,8,1910,1950,0,908,1020,1928,2,4,9,0,1910,1,440,0,137000
20,11310,6,5,1954,1954,0,1375,0,1375,1,2,5,1,1954,2,451,0,140000
60,11317,7,5,2003,2003,101,840,828,1668,2,3,8,0,2003,2,500,0,180000
50,159000,6,7,1958,2006,472,1444,700,2144,2,4,7,2,1958,2,389,0,277000
30,5350,3,2,1940,1966,0,1306,0,1306,1,3,6,0,NA,0,0,0,76500
120,4750,8,5,2006,2007,481,1625,0,1625,2,2,5,1,2006,2,538,0,235000
60,8366,6,5,2004,2004,0,798,842,1640,2,3,6,0,2004,2,520,0,173000
80,9350,6,7,1964,1991,108,1302,0,1302,2,3,7,0,1964,1,309,0,158000
20,8400,5,6,1957,1957,0,1314,0,1314,1,3,5,0,1957,1,294,0,145000
60,8738,7,5,1999,1999,302,1005,1286,2291,2,4,8,1,1999,2,429,0,230000
60,8791,6,5,2003,2003,0,864,864,1728,2,3,7,0,2003,2,673,0,207500
20,8814,7,5,2006,2006,180,1604,0,1604,2,3,8,1,2006,2,660,0,220000
60,12435,7,5,2001,2001,172,963,829,1792,2,3,7,1,2001,2,564,0,231500
20,12702,5,5,1956,1956,0,882,0,882,1,2,4,0,1956,1,308,0,97000
80,19296,6,5,1962,1962,399,1382,0,1382,1,3,6,1,1991,2,884,0,176000
60,9588,8,5,2007,2007,270,1482,1092,2574,2,3,10,1,2007,3,868,0,276000
80,8471,6,7,1977,1995,46,1212,0,1212,1,3,6,1,1978,2,492,0,151000
50,5500,5,7,1929,2001,0,926,0,1316,1,3,6,0,1974,2,484,0,130000
30,5232,5,5,1925,2004,0,764,0,764,1,2,4,0,1965,2,504,0,73000
20,12090,6,6,1981,1981,210,1422,0,1422,2,3,7,1,1981,2,576,0,175500
60,11207,6,5,1997,1997,0,802,709,1511,2,3,8,1,1997,2,413,0,185000
75,8400,5,8,1939,1997,0,1052,720,2192,2,4,8,1,1939,1,240,0,179500
30,6900,5,6,1940,1955,0,778,0,778,1,2,4,1,1966,1,924,0,120500
20,7917,6,7,1976,1976,174,1113,0,1113,1,3,6,1,1987,1,504,0,148000
60,10728,8,5,2006,2006,0,1095,844,1939,2,3,8,1,2006,3,1053,0,266000
20,39104,7,7,1954,2005,0,1363,0,1363,1,2,5,2,1954,2,439,0,241500
60,11764,8,7,1999,2007,348,1164,1106,2270,2,4,9,1,1999,3,671,0,290000
20,9600,6,6,1958,1988,183,1632,0,1632,2,3,6,1,1958,1,338,0,139000
20,8314,5,7,1982,1982,0,816,0,816,1,2,5,0,1982,1,264,0,124500
50,7264,7,7,1925,2007,0,952,596,1548,2,3,5,0,1978,2,672,0,205000
20,9196,7,5,2003,2003,0,1560,0,1560,2,3,7,0,2003,2,573,0,201000
20,19138,4,5,1951,1951,0,864,0,864,1,2,4,0,1951,2,400,0,141000
20,14450,9,5,2006,2007,315,2121,0,2121,2,3,8,1,2007,3,732,0,415298
60,10005,7,5,1977,1977,299,1156,866,2022,2,4,8,1,1977,2,505,0,192000
60,11287,7,6,1989,1989,340,1175,807,1982,2,3,7,1,1989,2,575,0,228500
20,7200,6,5,2006,2006,68,1262,0,1262,2,2,5,0,2006,2,572,0,185000
120,5063,7,5,2007,2008,166,1314,0,1314,2,2,6,1,2008,2,626,0,207500
20,9612,8,5,2008,2009,72,1468,0,1468,2,3,6,1,2008,3,898,0,244600
120,8012,6,5,1992,1992,0,1575,0,1575,2,2,5,0,1992,2,529,0,179200
160,4251,7,5,2006,2007,0,625,625,1250,2,2,5,0,2006,2,528,0,164700
50,9786,6,7,1962,1981,0,1085,649,1734,1,3,7,1,1962,2,440,0,159000
20,8125,4,4,1971,1971,0,858,0,858,1,3,5,0,NA,0,0,0,88000
20,9819,5,5,1967,1967,31,900,0,900,1,3,5,0,1970,1,280,0,122000
70,8730,6,7,1915,2003,0,698,698,1396,1,3,7,0,2003,1,384,0,153575
60,15611,8,5,2006,2006,0,1079,840,1919,2,3,8,1,2006,2,685,0,233230
190,5687,5,6,1912,2000,0,936,780,1716,2,6,9,0,NA,0,0,0,135900
50,11409,5,4,1949,2008,0,1148,568,1716,1,3,8,1,1949,1,281,0,131000
60,16659,7,7,1977,1994,34,1468,795,2263,2,3,9,1,1977,2,539,0,235000
20,9600,6,5,1953,1953,238,1644,0,1644,1,3,7,2,1953,2,418,0,167000
80,7937,6,6,1984,1984,0,1003,0,1003,1,3,6,0,1984,2,588,0,142500
50,13710,5,5,1950,1950,0,910,648,1558,1,4,6,0,1950,1,282,0,152000
60,7399,7,5,1997,1998,1600,975,975,1950,2,3,7,1,1997,2,576,0,239000
60,11700,6,6,1968,1968,365,1041,702,1743,1,3,7,1,1968,2,539,0,175000
20,14000,6,8,1950,2004,0,1152,0,1152,1,3,6,1,1950,1,300,0,158500
190,15750,5,5,1953,1953,56,1336,0,1336,1,2,5,2,1953,1,375,0,157000
60,16226,8,5,1998,1999,0,1210,1242,2452,2,4,9,1,1998,2,683,0,267000
20,13704,7,5,2001,2002,150,1541,0,1541,2,3,6,1,2001,3,843,0,205000
20,9800,5,7,1972,1972,0,894,0,894,1,3,5,0,1975,2,552,0,149900
75,18386,7,9,1880,2002,0,1675,1818,3493,3,3,10,1,2003,3,870,0,295000
20,10386,8,5,2004,2005,246,2000,0,2000,2,3,8,0,2004,3,888,0,305900
60,13474,7,5,1990,1991,246,1122,1121,2243,2,4,8,1,1990,3,746,0,225000
50,7920,6,7,1920,1950,0,1035,371,1406,1,3,6,0,NA,0,0,0,89500
30,12342,4,5,1940,1950,0,861,0,861,1,1,4,0,1961,2,539,0,82500
20,12378,9,5,2003,2004,0,1944,0,1944,2,3,8,3,2003,3,708,0,360000
60,7685,6,5,1993,1994,112,697,804,1501,2,3,6,1,1993,2,420,0,165600
20,8000,6,6,1948,2002,0,972,0,972,1,2,5,1,1948,1,240,0,132000
190,7800,5,7,1939,1950,0,793,325,1118,1,3,5,1,1939,2,410,0,119900
20,215245,7,5,1965,1965,0,2036,0,2036,2,3,8,2,1965,2,513,0,375000
70,9600,7,7,1925,1990,0,832,809,1641,1,3,6,1,1925,2,546,0,178000
60,7795,7,5,2004,2005,0,716,716,1432,2,3,6,1,2004,2,432,0,188500
60,13005,7,7,1980,1980,278,1153,1200,2353,2,4,10,1,1983,2,484,0,260000
60,9000,8,5,2006,2006,0,1088,871,1959,2,3,8,1,2006,3,1025,0,270000
60,9900,7,5,1993,1993,256,1372,1274,2646,2,4,9,1,1993,3,656,0,260000
80,14115,7,5,1980,1980,225,1472,0,1472,2,3,6,2,1980,2,588,0,187500
60,16259,9,5,2006,2006,370,1249,1347,2596,3,4,9,0,2006,3,840,0,342643
60,12099,8,5,2004,2004,388,1136,1332,2468,2,4,10,1,2004,3,872,0,354000
60,10380,7,5,1986,1987,172,1553,1177,2730,2,4,8,1,1987,2,576,0,301000
20,5820,3,8,1955,2005,0,1163,0,1163,1,3,6,0,1955,1,220,0,126175
80,11275,7,7,1967,2007,300,1898,1080,2978,2,5,11,1,1961,2,564,0,242000
45,5000,5,6,1941,1950,0,803,0,803,1,2,5,0,1941,2,360,0,87000
120,10846,8,5,1993,1993,0,1719,0,1719,1,1,6,2,1993,2,473,0,324000
20,11600,6,5,1960,1960,175,1383,0,1383,1,3,7,0,1960,1,292,0,145250
75,11888,6,6,1916,1994,0,1445,689,2134,2,5,10,0,1930,2,441,0,214500
70,6402,5,5,1920,1950,0,596,596,1192,1,3,6,0,1920,1,189,0,78000
90,10624,5,4,1964,1964,84,1728,0,1728,2,6,10,0,2002,1,352,0,119000
20,8176,5,6,1958,1992,0,1056,0,1056,1,3,6,0,1958,1,308,0,139000
20,10655,8,5,2003,2004,296,1629,0,1629,2,3,7,1,2003,3,880,0,284000
120,8198,7,5,2004,2004,146,1358,0,1358,2,2,6,1,2004,2,484,0,207000
60,9042,6,5,1998,1998,0,943,695,1638,2,3,7,2,1998,2,472,0,192000
190,164660,5,6,1965,1965,0,1619,167,1786,2,3,7,2,1965,2,529,0,228950
20,14157,9,5,2005,2006,200,1922,0,1922,2,3,8,1,2005,3,676,0,377426
20,9135,7,5,2002,2003,113,1536,0,1536,2,3,7,0,2002,2,532,0,214000
20,14145,7,7,1984,1998,0,1621,0,1621,2,3,8,0,1984,2,440,0,202500
20,12400,6,7,1958,1998,176,1215,0,1215,1,3,6,0,1958,1,297,0,155000
60,14191,8,5,2002,2002,0,993,915,1908,2,4,9,0,2002,2,431,0,202900
20,8400,4,4,1950,1950,0,841,0,841,1,2,4,0,1950,1,294,0,82000
90,8544,3,4,1949,1950,340,1040,0,1040,2,2,6,0,1949,2,400,0,87500
120,8849,9,5,2005,2005,616,1684,0,1684,2,2,6,1,2005,2,564,0,266000
160,2592,5,3,1976,1976,0,536,576,1112,1,3,4,0,1976,1,336,0,85000
50,6435,6,5,1939,1950,0,972,605,1577,1,3,6,1,1939,1,312,0,140200
20,12772,6,8,1960,1998,0,958,0,958,1,2,5,0,1960,1,301,0,151500
20,17600,6,5,1960,1960,30,1478,0,1478,2,3,6,2,1960,2,498,0,157500
160,2448,7,5,2003,2004,106,764,862,1626,2,2,6,0,2003,2,474,0,154000
60,20431,9,5,2005,2006,870,1848,880,2728,2,4,10,2,2006,3,706,0,437154
120,7820,9,5,2007,2007,362,1869,0,1869,2,2,6,1,2007,2,617,0,318061
120,5271,7,5,1986,1986,0,1453,0,1453,1,2,6,1,1986,2,445,0,190000
50,9084,5,6,1941,1950,0,616,495,1111,1,3,5,0,1941,1,200,0,95000
30,8520,6,8,1928,2003,0,720,0,720,1,2,5,0,2005,2,484,0,105900
50,8400,6,5,1940,2000,0,1192,403,1595,1,2,6,2,1940,1,240,0,140000
20,11249,6,5,1995,1995,0,1200,0,1200,2,3,6,0,1995,2,521,0,177500
20,9248,6,6,1992,1992,106,1167,0,1167,2,3,6,0,1992,2,400,0,173000
120,4224,5,5,1976,1976,0,1142,0,1142,1,3,6,1,1976,2,528,0,134000
80,6930,5,4,1958,1958,120,1352,0,1352,1,3,6,0,1958,1,288,0,130000
60,12011,8,5,1998,1998,530,1086,838,1924,2,3,7,1,1998,2,592,0,280000
85,7540,6,6,1978,1978,0,912,0,912,1,2,5,1,1978,2,470,0,156000
50,9144,5,5,1940,1982,0,988,517,1505,1,3,8,0,1940,1,240,0,145000
85,7301,7,5,2003,2003,500,495,1427,1922,3,4,7,1,2003,2,672,0,198500
160,1680,6,8,1972,2007,510,483,504,987,1,2,5,0,1972,1,264,0,118000
60,18800,6,5,1976,1976,120,790,784,1574,2,3,6,1,1976,2,566,0,190000
70,10690,5,7,1920,1997,0,672,672,1344,1,3,6,0,1964,1,468,0,147000
20,9500,6,5,1963,1963,247,1394,0,1394,1,3,6,2,1963,2,514,0,159000
80,9150,6,5,1962,1962,305,1431,0,1431,1,3,6,1,1962,1,296,0,165000
20,7800,5,6,1954,1954,200,1268,0,1268,1,2,7,1,1954,1,244,0,132000
20,9830,5,7,1959,2006,0,1287,0,1287,1,3,7,1,1997,2,576,0,162000
60,8121,6,5,2000,2000,0,953,711,1664,2,3,7,1,2000,2,460,0,172400
50,17120,4,4,1959,1959,0,1120,468,1588,2,4,7,1,1991,2,680,0,134432
120,7175,6,5,1984,1984,0,752,0,752,1,2,4,0,1984,1,264,0,125000
20,10634,5,6,1953,1953,0,1319,0,1319,1,3,5,0,1953,1,270,0,123000
60,8200,7,5,2003,2004,0,847,1081,1928,2,4,8,1,2003,2,434,0,219500
30,10020,1,1,1922,1950,0,904,0,904,0,1,4,0,NA,0,0,0,61000
85,8846,5,5,1996,1996,0,914,0,914,1,2,5,0,1998,2,576,0,148000
60,11143,8,5,2004,2005,0,1580,886,2466,3,4,8,1,2004,2,610,0,340000
20,11394,9,2,2010,2010,350,1856,0,1856,1,1,8,1,2010,3,834,0,394432
60,8123,6,5,2000,2000,16,1007,793,1800,2,3,7,1,2000,2,463,0,179000
50,5000,5,6,1924,1950,0,1026,665,1691,2,3,6,1,1924,1,308,0,127000
20,7200,7,5,2006,2006,0,1301,0,1301,2,2,5,1,2006,2,572,0,187750
60,9245,7,5,2006,2006,0,939,858,1797,2,3,8,0,2006,2,639,0,213500
45,9000,6,3,1928,1950,0,784,0,784,1,2,5,0,1950,2,360,0,76000
60,53107,6,5,1992,1992,0,1079,874,1953,2,3,9,2,1992,2,501,0,240000
120,3182,8,5,2004,2005,16,1269,0,1269,2,2,6,1,2004,2,430,0,192000
50,8410,5,3,1910,1996,0,658,526,1184,1,5,8,0,NA,0,0,0,81000
80,7200,6,6,1976,1976,255,1125,0,1125,1,3,6,1,1977,1,352,0,125000
20,9382,7,5,1999,2000,125,1479,0,1479,2,3,6,0,1999,2,577,0,191000
60,12474,10,5,2007,2008,272,1742,590,2332,2,3,9,1,2008,3,846,0,426000
50,8405,5,8,1900,1950,0,961,406,1367,1,4,7,0,1978,1,384,0,119000
60,12209,6,5,2001,2002,0,804,1157,1961,2,3,7,1,2001,2,560,0,215000
20,8339,5,7,1959,1959,0,882,0,882,1,3,5,0,1959,1,294,0,106500
30,7446,4,5,1941,1950,0,788,0,788,1,2,4,2,NA,0,0,0,100000
50,10134,5,6,1940,1950,0,735,299,1034,1,2,5,0,1940,1,240,0,109000
20,9571,5,6,1956,1956,0,1144,0,1144,1,3,6,0,1956,1,596,0,129000
20,7200,5,5,1972,1972,0,894,0,894,1,2,6,0,1985,2,600,0,123000
60,7590,5,5,1962,1962,288,876,936,1812,2,4,8,1,1962,1,264,0,169500
30,8967,5,2,1920,1950,0,1077,0,1077,1,2,6,0,1920,1,338,0,67000
60,8125,7,5,2006,2007,100,1112,438,1550,2,2,7,0,2007,2,438,0,241000
120,14963,8,5,1996,1996,0,1288,0,1288,1,1,4,2,1996,2,500,0,245500
20,8767,7,5,2005,2005,0,1310,0,1310,2,3,6,1,2005,2,400,0,164990
30,10200,5,8,1940,1997,0,672,0,672,1,2,4,0,1940,1,240,0,108000
60,12090,8,5,1998,1998,650,1165,1098,2263,2,4,10,1,1998,2,420,0,258000
60,10364,6,5,1995,1996,0,806,766,1572,2,3,7,1,1995,2,373,0,168000
20,9991,4,4,1976,1993,0,1620,0,1620,2,3,8,1,1993,2,490,0,150000
50,10480,6,5,1936,1950,0,1166,0,1639,1,3,6,0,1936,1,240,0,115000
70,15576,6,7,1915,1976,0,840,840,1680,2,4,8,0,1960,1,308,0,177000
60,14154,7,5,2006,2006,350,1071,1101,2172,2,3,9,1,2006,3,947,0,280000
60,10800,8,5,2007,2008,100,1050,1028,2078,2,3,8,1,2008,3,836,0,339750
20,9571,5,3,1958,1958,0,1276,0,1276,1,3,5,0,1958,1,350,0,60000
190,34650,5,5,1955,1955,0,1056,0,1056,1,3,5,0,1955,2,572,0,145000
20,4403,7,5,2009,2009,432,1478,0,1478,2,2,7,1,2009,2,484,0,222000
30,8960,5,6,1927,1950,0,1028,0,1028,1,2,5,1,1927,2,360,0,115000
60,11228,7,5,1993,1993,0,1080,1017,2097,2,3,9,1,1993,3,678,0,228000
20,8899,7,5,2007,2007,0,1340,0,1340,2,3,6,0,2007,2,396,0,181134
60,7844,6,7,1978,1978,203,672,728,1400,1,3,6,1,1978,2,440,0,149500
70,22420,6,6,1918,1950,0,1370,1254,2624,2,4,10,1,1918,3,864,0,239000
50,8160,5,6,1940,1950,0,756,378,1134,1,3,7,0,1940,1,240,0,126000
20,8450,5,6,1968,1968,0,1056,0,1056,1,3,6,1,1968,1,304,0,142000
90,7060,7,5,1997,1998,200,1344,0,1344,2,2,8,0,1997,4,784,0,206300
20,16635,6,7,1977,2000,126,1602,0,1602,2,3,8,1,1977,2,529,0,215000
20,21750,5,5,1954,1954,0,988,0,988,1,2,4,0,1954,2,520,0,113000
60,9200,8,5,1998,1998,473,1470,1160,2630,2,4,8,1,1998,3,696,0,315000
20,9000,6,5,1956,1956,74,1196,0,1196,1,2,6,1,1956,1,297,0,139000
60,3378,7,8,1946,1992,0,707,682,1389,1,3,6,2,1947,1,240,0,135000
80,12800,7,5,1989,1989,145,1644,0,1644,2,2,5,1,1989,2,569,0,275000
20,8593,4,6,1957,1957,0,907,0,907,1,3,5,0,1964,1,352,0,109008
20,6762,7,5,2007,2007,108,1208,0,1208,2,2,6,0,2007,2,628,0,195400
20,11457,6,5,1988,1988,0,1412,0,1412,2,3,6,1,1988,2,576,0,175000
160,1680,6,5,1971,1971,232,483,504,987,1,2,4,0,1971,1,264,0,85400
50,5586,6,7,1920,1998,0,1088,110,1198,1,4,7,0,NA,0,0,0,79900
160,1920,5,5,1971,1971,376,765,600,1365,1,2,6,0,1971,2,440,0,122500
60,10839,6,5,1997,1998,0,926,678,1604,2,3,7,1,1997,2,470,0,181000
180,1890,4,7,1972,1972,0,630,0,630,1,1,3,0,NA,0,0,0,81000
60,10667,7,6,1996,1996,0,827,834,1661,2,3,6,1,1996,2,550,0,212000
50,4400,6,8,1920,1950,0,734,384,1118,1,2,6,0,1990,2,440,0,116000
45,6000,6,7,1926,2004,0,904,0,904,1,2,4,0,1926,1,180,0,119000
30,4280,5,6,1913,2002,0,694,0,694,1,2,4,1,1990,1,352,0,90350
50,12354,6,8,1920,2000,0,684,512,1196,1,3,7,0,2005,2,528,0,110000
20,15431,10,5,2008,2008,200,2402,0,2402,2,2,10,2,2008,3,672,0,555000
90,12108,4,4,1955,1955,270,1440,0,1440,2,4,8,0,NA,0,0,0,118000
50,6240,5,7,1930,1992,0,1128,445,1573,2,3,8,1,1930,2,360,0,162900
120,3922,7,5,2006,2007,72,1258,0,1258,2,2,6,1,2007,3,648,0,172500
60,8750,7,5,1994,1995,0,933,975,1908,2,4,8,1,1994,2,493,0,210000
20,9855,6,5,1956,1956,0,1689,0,1689,1,3,7,1,1956,2,480,0,127500
20,16492,6,6,1966,2002,0,1888,0,1888,2,2,6,1,1966,2,578,0,190000
60,11214,7,5,1998,1999,0,956,930,1886,2,4,10,1,1998,2,431,0,199900
50,8600,6,6,1937,1950,0,780,596,1376,2,3,7,1,1937,1,198,0,119500
50,6000,3,7,1948,2002,0,679,504,1183,1,2,6,0,1981,1,308,0,120000
30,5684,6,8,1930,2005,0,813,0,813,1,2,5,0,1932,1,270,0,110000
20,70761,7,5,1975,1975,0,1533,0,1533,2,2,5,2,1975,2,576,0,280000
60,9303,6,5,1996,1997,42,888,868,1756,2,3,7,0,1996,2,422,0,204000
60,9000,8,5,2008,2008,0,786,804,1590,2,3,6,0,2008,2,676,0,210000
90,9297,5,5,1976,1976,0,1728,0,1728,2,4,8,0,1976,2,560,0,188000
20,9600,7,6,1973,1973,320,1242,0,1242,1,3,6,1,1973,2,528,0,175500
70,4571,5,5,1916,1950,0,624,720,1344,1,4,7,0,1916,3,513,0,98000
20,53227,4,6,1954,1994,0,1663,0,1663,1,2,6,2,1954,2,529,0,256000
70,5100,8,7,1925,1996,0,833,833,1666,1,3,7,1,1925,1,228,0,161000
50,7015,5,4,1950,1950,161,979,224,1203,1,3,5,1,1950,1,352,0,110000
60,8004,8,5,2009,2009,110,832,1103,1935,2,3,8,0,2009,2,552,0,263435
70,7200,7,9,1936,2007,0,575,560,1135,1,3,6,0,1971,2,576,0,155000
20,8281,5,5,1965,1965,0,864,0,864,1,3,5,1,1965,1,360,0,62383
70,11988,6,7,1934,1995,0,849,811,1660,1,3,6,1,1939,1,240,0,188700
20,8430,5,5,1978,1978,136,1040,0,1040,2,3,5,0,NA,0,0,0,124000
120,3072,7,5,2004,2004,18,1414,0,1414,2,2,6,1,2004,2,398,0,178740
20,10628,7,5,1970,1970,0,1277,0,1277,1,2,5,1,1970,2,526,0,167000
70,9480,5,7,1942,1995,224,888,756,1644,1,3,7,2,1942,1,312,0,146500
20,11428,8,5,2006,2006,248,1634,0,1634,2,3,7,1,2006,3,866,0,250000
60,9291,6,5,1993,1993,120,832,878,1710,2,3,7,0,1993,2,506,0,187000
120,6820,8,5,1985,1985,0,1502,0,1502,1,1,4,0,1985,2,528,0,212000
60,11952,7,6,1977,1977,0,1161,808,1969,2,3,8,1,1977,2,534,0,190000
180,3675,6,5,2005,2005,80,1072,0,1072,1,2,5,0,2005,2,525,0,148000
20,14977,8,5,2006,2007,304,1976,0,1976,2,2,7,1,2006,3,908,0,440000
120,5330,8,5,2000,2000,0,1652,0,1652,2,2,6,0,2000,2,499,0,251000
20,8480,5,6,1963,1963,0,970,0,970,1,2,5,0,1996,2,624,0,132500
20,13125,6,5,1997,1998,215,1493,0,1493,2,3,7,1,1997,2,508,0,208900
60,13693,9,5,2006,2006,772,2069,574,2643,2,3,9,1,2006,3,694,0,380000
20,10637,8,5,2007,2008,336,1718,0,1718,2,3,7,1,2007,3,826,0,297000
30,5925,4,7,1937,2000,435,1131,0,1131,1,2,7,0,1995,2,672,0,89471
20,16033,9,5,2004,2005,378,1850,0,1850,2,3,8,1,2004,3,772,0,326000
20,11846,9,5,2003,2004,562,1792,0,1792,2,2,6,1,2003,3,874,0,374000
70,2500,7,8,1915,2005,0,916,910,1826,1,4,7,1,1915,1,164,0,155000
120,4500,6,5,1998,1998,116,1216,0,1216,2,2,5,0,1998,2,402,0,164000
20,7758,5,7,1962,2001,0,999,0,999,1,3,6,0,1963,1,264,0,132500
20,9600,5,7,1950,2007,0,1113,0,1113,1,3,5,1,1950,1,264,0,147000
20,10289,5,7,1965,1965,168,1073,0,1073,1,3,6,0,1965,2,515,0,156000
20,12243,5,6,1971,1971,0,1484,0,1484,2,3,7,1,1971,2,487,0,175000
190,10800,5,4,1900,1970,0,1766,648,2414,2,3,10,1,1970,2,520,0,160000
180,1526,4,8,1970,2002,0,630,0,630,1,1,3,0,1970,1,286,0,86000
160,2665,5,6,1976,1976,0,616,688,1304,1,3,4,1,1976,1,336,0,115000
50,9490,6,7,1941,1950,0,958,620,1578,1,3,5,2,1941,1,240,0,133000
60,15578,6,5,2006,2006,0,728,728,1456,2,3,8,0,2006,2,429,0,172785
20,7931,5,6,1960,1960,0,1269,0,1269,1,3,6,1,1964,1,308,0,155000
30,5784,5,8,1938,1996,0,886,0,886,1,2,4,0,1938,1,273,0,91300
30,7879,4,5,1920,1950,0,720,0,720,1,2,4,0,NA,0,0,0,34900
20,12692,8,5,1992,1993,0,3228,0,3228,3,4,10,1,1992,2,546,0,430000
50,9120,7,6,1925,1950,0,1133,687,1820,2,4,8,0,1925,1,240,0,184000
20,7800,5,7,1967,2004,89,899,0,899,1,3,5,0,1967,1,288,0,130000
20,7535,5,7,1958,1985,0,912,0,912,1,2,5,0,1958,1,297,0,120000
160,1890,6,5,1973,1973,285,672,546,1218,1,3,7,0,1973,1,264,0,113000
60,9803,7,5,2005,2005,0,866,902,1768,2,3,7,0,2005,2,603,0,226700
20,9170,5,7,1965,1965,0,1214,0,1214,1,2,6,0,1965,2,461,0,140000
20,15602,7,8,1959,1997,0,1801,0,1801,2,1,6,2,1959,2,484,0,289000
160,2308,6,5,1974,1974,0,855,467,1322,2,3,6,1,1974,2,440,0,147000
90,7596,5,5,1952,1952,360,960,1000,1960,2,4,10,0,1952,2,400,0,124500
60,9554,8,5,1993,1994,125,1065,846,1911,2,3,8,1,1993,2,471,0,215000
20,7862,6,5,2009,2009,0,1218,0,1218,2,2,4,0,2009,2,676,0,208300
70,9600,7,9,1928,2005,0,689,689,1378,2,3,7,1,1928,2,360,0,161000
20,9600,5,6,1959,1959,132,1041,0,1041,1,3,6,0,1959,1,270,0,124500
20,14559,5,7,1951,2000,70,1363,0,1363,1,2,6,2,1951,1,288,0,164900
120,6792,7,5,2005,2006,94,1368,0,1368,2,2,6,1,2005,2,474,0,202665
20,9100,5,5,1958,1958,0,864,0,864,1,3,5,0,1964,2,624,0,129900
20,9187,6,5,1983,1983,0,1080,0,1080,1,3,5,0,1983,2,484,0,134000
45,10594,5,5,1926,1950,0,789,0,789,1,2,5,0,1926,1,200,0,96500
20,12220,10,5,2009,2009,305,2020,0,2020,2,3,9,1,2009,3,900,0,402861
80,10448,6,6,1972,1972,333,1378,741,2119,2,3,7,1,1972,2,583,0,158000
60,10208,7,5,1996,1997,921,1277,1067,2344,2,3,7,1,1996,3,889,0,265000
60,9531,6,5,1998,1998,0,882,914,1796,2,3,7,0,1998,2,546,0,211000
70,10918,7,9,1926,2004,0,1276,804,2080,1,3,9,2,1926,1,282,0,234000
190,10800,4,7,1900,2000,0,694,600,1294,2,3,7,0,NA,0,0,0,106250
20,11988,6,6,1957,1957,0,1244,0,1244,1,3,6,2,1957,1,336,0,150000
50,5000,6,7,1947,1950,0,1004,660,1664,2,3,7,2,1950,2,420,0,159000
60,40094,10,5,2007,2008,762,3138,1538,4676,3,3,11,1,2007,3,884,0,184750
60,11787,7,5,1996,1997,594,1383,1015,2398,2,3,8,1,1996,3,834,0,315750
20,7500,7,5,2005,2005,0,1266,0,1266,2,3,6,1,2005,2,453,0,176000
20,13300,5,7,1956,2000,0,928,0,928,1,2,4,0,1956,1,252,0,132000
60,14948,9,5,2008,2008,268,1476,1237,2713,2,3,11,1,2008,3,858,0,446261
30,9098,4,7,1920,2002,0,605,0,605,1,2,5,0,NA,0,0,0,86000
20,32668,6,3,1957,1975,NA,2515,0,2515,3,4,9,2,1975,2,484,0,200624
80,10200,6,5,1988,1989,219,1509,0,1509,2,3,5,1,1988,2,600,0,175000
70,6155,6,8,1920,1999,0,751,611,1362,2,3,6,0,1920,2,502,0,128000
20,7200,5,7,1955,2007,0,827,0,827,1,2,5,1,1967,1,392,0,107500
20,5000,1,3,1946,1950,0,334,0,334,1,1,2,0,NA,0,0,0,39300
60,9056,8,5,2004,2004,0,707,707,1414,2,3,6,1,2004,2,403,0,178000
190,7000,5,7,1910,1991,0,820,527,1347,1,3,5,0,NA,0,0,0,107500
60,8924,7,5,1998,1999,0,880,844,1724,2,3,8,0,1998,2,527,0,188000
20,12735,4,5,1972,1972,0,864,0,864,1,3,5,0,1980,2,576,0,111250
20,11553,5,5,1968,1968,188,1159,0,1159,1,3,7,1,1968,1,336,0,158000
20,11423,8,5,2001,2002,479,1601,0,1601,2,3,6,1,2001,2,670,0,272000
20,14601,9,5,2006,2006,584,1838,0,1838,2,2,8,1,2006,3,765,0,315000
60,11000,8,5,2000,2000,72,997,1288,2285,2,4,8,1,2000,3,648,0,248000
20,10140,7,5,1998,1999,0,1680,0,1680,2,3,7,1,1998,2,583,0,213250
120,4058,7,5,1998,1998,182,767,0,767,1,1,4,0,1998,1,367,0,133000
60,17104,7,5,2006,2006,0,664,832,1496,2,3,7,1,2006,2,426,0,179665
50,13837,7,5,1988,1988,178,1377,806,2183,2,4,9,0,1988,3,786,0,229000
50,8737,6,7,1923,1950,0,915,720,1635,1,3,6,1,1950,2,440,0,210000
85,7244,5,7,1970,1970,0,768,0,768,1,2,5,0,1987,2,624,0,129500
20,8235,5,7,1955,1995,0,825,0,825,1,2,4,0,1963,2,720,0,125000
60,9375,7,5,2003,2004,0,912,1182,2094,2,4,8,1,2003,2,615,0,263000
120,4043,6,6,1977,1977,0,1069,0,1069,2,2,4,0,1977,2,440,0,140000
20,6000,5,6,1957,1957,0,928,0,928,1,3,5,0,1957,1,288,0,112500
20,11146,8,5,2006,2006,250,1717,0,1717,2,3,7,1,2006,3,908,0,255500
20,8777,4,5,1949,2003,0,1126,0,1126,2,2,5,0,2002,2,520,0,108000
60,10625,7,5,2003,2004,292,1006,1040,2046,2,3,8,1,2003,3,871,0,284000
45,6380,5,6,1922,1950,0,1048,0,1048,1,2,5,1,1922,1,280,0,113000
20,14850,5,5,1957,1957,0,1092,0,1092,1,2,6,1,1957,1,299,0,141000
50,11040,4,6,1920,1950,0,897,439,1336,1,3,7,0,1994,1,570,0,108000
60,21872,7,5,1996,1997,0,729,717,1446,2,3,6,1,1996,2,406,0,175000
120,3196,7,5,2003,2004,18,1557,0,1557,2,2,7,1,2003,2,420,0,234000
20,11341,5,6,1957,1996,180,1392,0,1392,1,3,5,1,1957,2,528,0,121500
20,10010,5,5,1974,1975,0,1389,0,1389,1,2,6,1,1975,2,418,0,170000
30,13907,5,6,1940,1969,0,996,0,996,1,3,6,1,NA,0,0,0,108000
50,21780,6,7,1918,1950,0,1163,511,1674,2,4,8,1,1955,2,396,0,185000
60,13346,7,5,1992,2000,0,1166,1129,2295,2,4,9,1,1992,2,590,0,268000
70,6858,6,4,1915,1950,0,841,806,1647,1,4,6,0,1920,1,216,0,128000
60,11198,9,5,2005,2007,245,1134,1370,2504,2,4,11,1,2005,3,656,0,325000
20,10171,7,5,2004,2004,168,1535,0,1535,2,3,7,0,2004,2,532,0,214000
50,12327,8,8,1983,2009,0,1496,636,2132,1,1,5,1,1983,2,612,0,316600
90,7032,5,5,1979,1979,0,943,0,943,1,2,4,2,1979,2,600,0,135960
90,13101,5,5,1965,1965,108,1728,0,1728,2,6,10,0,1987,2,576,0,142600
20,7332,6,6,1959,1959,207,864,0,864,1,2,4,0,1959,1,288,0,120000
60,13159,7,5,2009,2009,0,846,846,1692,2,3,6,0,2009,2,650,0,224500
80,9967,7,5,2000,2000,0,774,656,1430,2,3,8,1,2000,2,400,0,170000
80,10500,5,7,1971,2005,82,576,533,1109,1,3,5,0,1971,1,288,0,139000
50,8480,5,5,1947,1950,0,832,384,1216,1,2,6,0,1947,1,336,0,118500
50,6292,7,7,1928,1950,0,877,600,1477,2,3,6,1,1928,1,216,0,145000
80,11777,5,6,1966,1966,97,1320,0,1320,1,3,6,2,1966,2,564,0,164500
160,3604,7,5,2007,2007,0,703,689,1392,2,2,5,0,2007,2,540,0,146000
50,12150,5,5,1954,1954,335,1050,745,1795,2,4,7,0,1954,1,352,0,131500
20,14585,6,6,1960,1987,85,1429,0,1429,1,3,7,2,1960,2,572,0,181900
20,12704,8,5,2008,2009,306,2042,0,2042,2,3,8,1,2009,3,1390,0,253293
90,11841,6,5,1990,1990,104,816,0,816,1,3,5,0,NA,0,0,0,118500
75,13500,10,9,1893,2000,0,1521,1254,2775,3,3,9,1,1988,2,880,0,325000
50,6120,4,7,1935,1995,0,989,584,1573,1,3,6,0,1935,1,240,0,133000
20,11443,8,5,2005,2006,208,2028,0,2028,2,2,7,2,2005,3,880,0,369900
30,10267,6,7,1918,2000,0,838,0,838,1,2,5,0,1961,1,275,0,130000
85,8740,5,6,1982,1982,0,860,0,860,1,2,4,0,1996,2,528,0,137000
20,25095,5,8,1968,2003,0,1473,0,1473,1,1,5,2,1968,1,452,0,143000
40,9100,5,6,1930,1960,0,779,0,935,1,2,4,0,1988,1,308,0,79500
60,8320,7,5,2004,2004,0,770,812,1582,2,3,6,0,2004,2,520,0,185900
60,13478,10,5,2008,2008,420,1728,568,2296,2,3,10,1,2008,3,842,0,451950
20,6600,5,8,1982,2003,0,816,0,816,1,2,4,0,1985,2,816,0,138000
120,4435,6,5,2003,2003,170,848,0,848,1,1,4,0,2003,2,420,0,140000
20,7990,5,6,1975,1975,0,924,0,924,1,3,5,0,1981,1,280,0,110000
20,11302,8,5,2005,2006,238,1826,0,1826,2,3,7,1,2005,3,758,0,319000
70,3600,6,7,1910,1993,0,684,684,1368,1,3,7,0,1930,1,216,0,114504
120,3922,7,5,2006,2007,72,1402,0,1402,0,2,7,1,2006,3,648,0,194201
20,12984,5,6,1977,1977,459,1647,0,1647,2,3,7,1,1977,2,621,0,217500
160,1950,6,6,1980,1980,0,716,840,1556,2,3,6,1,1980,2,452,0,151000
60,10927,8,5,2005,2005,280,1058,846,1904,2,3,8,1,2003,2,736,0,275000
50,9000,6,6,1937,1950,0,780,595,1375,1,3,6,1,1979,1,544,0,141000
60,10041,8,5,1992,1992,0,927,988,1915,2,3,8,1,1992,2,506,0,220000
160,3182,7,5,2004,2005,0,600,600,1200,2,2,4,0,2004,2,480,0,151000
20,12803,7,5,2002,2002,99,1494,0,1494,2,3,6,1,2002,2,530,0,221000
60,13600,7,6,1965,1990,176,1186,800,1986,2,3,7,3,1965,2,486,0,205000
20,12464,5,5,1996,1996,0,1040,0,1040,1,3,6,0,2000,2,576,0,152000
20,7800,5,8,1948,2002,0,1112,896,2008,3,3,8,0,1948,1,230,0,225000
70,12168,8,6,1934,1998,0,1940,1254,3194,2,4,10,2,1934,2,380,0,359100
20,7943,4,5,1961,1961,192,1029,0,1029,1,3,5,0,1961,1,261,0,118500
60,11050,9,5,2000,2000,204,1476,677,2153,2,3,8,2,2000,3,736,0,313000
80,10395,6,6,1978,1978,233,1032,0,1032,2,3,6,1,1978,2,564,0,148000
60,11885,8,5,2001,2001,108,1299,573,1872,2,3,7,1,2001,2,531,0,261500
20,8402,5,5,2007,2007,0,1120,0,1120,1,3,6,0,NA,0,0,0,147000
180,1491,4,6,1972,1972,0,630,0,630,1,1,3,0,NA,0,0,0,75500
85,8800,6,7,1963,1963,156,1054,0,1054,1,3,6,0,1963,2,480,0,137500
60,7861,6,5,2002,2003,0,807,702,1509,2,3,7,1,2002,2,393,0,183200
45,7227,6,6,1954,1954,0,832,0,832,1,2,4,0,1962,2,528,0,105500
20,11694,9,5,2007,2007,452,1828,0,1828,2,3,9,1,2007,3,774,0,314813
60,12244,8,5,2003,2003,226,1482,780,2262,2,4,10,2,2003,3,749,0,305000
30,8248,3,3,1914,1950,0,864,0,864,1,2,5,0,NA,0,0,0,67000
60,10800,6,7,1974,1997,0,1548,1066,2614,2,4,9,1,1974,2,624,0,240000
20,7064,5,6,1977,1977,153,980,0,980,1,3,6,0,1986,2,484,0,135000
160,2117,6,5,2000,2000,513,756,756,1512,2,2,4,1,2000,2,440,0,168500
60,10400,6,5,1972,1972,288,1012,778,1790,1,4,8,1,1972,2,484,0,165150
20,10000,6,6,1962,1962,261,1116,0,1116,1,3,5,0,1962,2,440,0,160000
20,12342,5,5,1960,1978,0,1422,0,1422,1,3,6,1,1960,1,286,0,139900
80,9600,6,6,1955,1972,164,1520,0,1520,1,3,7,2,1955,1,364,0,153000
60,11606,5,5,1969,1969,192,1040,1040,2080,1,5,9,2,1969,2,504,0,135000
80,9020,6,5,1964,1964,259,1350,0,1350,1,3,6,0,1964,2,520,0,168500
70,9000,5,6,1880,1991,0,1089,661,1750,1,3,8,0,1937,1,240,0,124000
120,4590,8,5,2006,2006,108,1554,0,1554,2,2,6,1,2006,2,627,0,209500
20,11900,7,5,1977,1977,209,1411,0,1411,2,3,6,1,1977,2,544,0,82500
20,9250,5,7,1954,2005,0,1056,0,1056,1,3,6,0,1954,1,260,0,139400
90,6979,6,5,1980,1980,0,1056,0,1056,0,0,4,0,1980,2,576,0,144000
190,10896,6,7,1914,1995,0,1440,1440,3395,2,8,14,0,NA,0,0,0,200000
30,6120,2,3,1936,1950,0,800,0,800,1,1,4,1,NA,0,0,0,60000
190,6000,5,4,1954,1954,0,811,576,1387,2,3,7,0,1954,1,256,0,93000
30,8777,5,7,1910,1950,0,796,0,796,1,2,4,0,NA,0,0,0,85000
120,3982,8,5,2006,2006,0,1567,0,1567,2,1,7,1,2006,3,648,0,264561
120,12677,8,5,2003,2004,472,1518,0,1518,1,1,6,1,2003,2,588,0,274000
60,7050,7,5,2001,2001,0,1057,872,1929,2,3,7,1,2001,2,650,0,226000
80,13860,8,7,1972,1995,0,2000,704,2704,2,4,9,3,1972,2,538,0,345000
60,10793,5,5,1969,1969,263,780,840,1620,2,4,7,0,1969,2,462,0,152000
20,9187,9,5,2009,2009,162,1766,0,1766,2,2,7,1,2009,3,478,0,370878
20,10530,6,5,1971,1971,0,981,0,981,1,3,5,0,1979,2,576,0,143250
20,7200,5,5,1950,1950,0,1048,0,1048,1,3,7,0,1950,2,420,0,98300
20,10452,6,5,1953,1953,216,1094,0,1094,1,3,5,2,1953,2,495,0,155000
60,7700,6,5,1966,1966,351,1051,788,1839,1,4,7,1,1966,2,442,0,155000
180,1936,4,6,1970,1970,0,630,0,630,1,1,3,0,NA,0,0,0,84500
60,8125,7,6,2007,2007,NA,822,843,1665,2,3,7,0,2007,2,562,0,205950
70,9084,4,5,1940,1950,0,755,755,1510,1,4,7,1,1940,1,296,0,108000
60,8750,7,5,1996,1996,0,909,807,1716,2,2,7,1,1996,2,512,0,191000
50,10320,6,7,1906,1995,0,756,713,1469,1,3,7,0,1906,1,216,0,135000
20,10437,8,6,1995,1995,660,2113,0,2113,2,2,7,1,1995,3,839,0,350000
160,1680,6,5,1971,1971,381,525,567,1092,1,3,6,0,1971,1,264,0,88000
20,10007,5,7,1959,2006,54,1053,0,1053,1,3,5,0,1959,1,312,0,145500
70,7200,7,6,1931,2000,0,851,651,1502,1,3,6,1,1931,1,270,0,149000
50,17503,6,5,1948,1950,0,912,546,1458,1,3,6,1,1948,1,330,0,97500
20,9937,5,7,1964,1999,0,1486,0,1486,1,3,7,0,1968,2,480,0,167000
60,12384,7,7,1976,1976,233,1142,793,1935,2,3,7,1,1976,2,550,0,197900
60,46589,8,7,1994,2005,528,1686,762,2448,2,4,8,1,1994,3,711,0,402000
20,13560,6,3,1968,1968,216,1392,0,1392,1,2,5,2,1968,2,576,0,110000
85,10012,4,5,1972,1972,0,1181,0,1181,2,3,6,0,1974,2,588,0,137500
20,20896,8,5,2005,2006,0,2097,0,2097,1,1,8,1,2005,3,1134,0,423000
60,11194,8,5,2000,2000,40,1454,482,1936,2,3,7,1,2000,2,504,0,230500
60,18450,6,5,1965,1979,113,1465,915,2380,2,3,7,1,1965,2,596,0,129000
20,8125,6,5,1994,1998,258,1679,0,1679,2,3,7,1,1994,2,575,0,193500
20,14175,5,6,1956,1987,0,1437,0,1437,1,3,6,1,1999,2,576,0,168000
30,11600,4,5,1922,1950,0,1180,0,1180,1,2,5,1,1922,1,252,0,137500
60,8633,6,5,2005,2005,0,738,738,1476,2,3,7,0,2005,2,540,0,173500
70,6629,6,6,1925,1950,0,697,672,1369,2,3,6,0,1930,1,300,0,103600
20,11250,6,6,1977,1977,0,1208,0,1208,1,3,6,1,1977,2,546,0,165000
20,14442,6,7,1957,2004,106,1839,0,1839,2,3,7,2,1957,2,416,0,257500
20,9200,6,6,1965,1965,0,1136,0,1136,1,3,5,1,1965,1,384,0,140000
160,2289,6,6,1978,1978,0,855,586,1441,2,3,7,1,1978,2,440,0,148500
70,9600,4,2,1900,1950,0,1095,679,1774,2,4,8,0,1920,3,779,0,87000
30,9022,5,8,1924,2006,0,792,0,792,1,2,5,0,1924,1,240,0,109500
20,11844,8,5,2008,2008,464,2046,0,2046,2,3,7,1,2008,3,834,0,372500
20,9945,5,5,1961,1961,57,988,0,988,1,3,5,0,1963,2,572,0,128500
120,8012,6,5,1980,1980,0,923,0,923,2,2,5,1,1980,1,264,0,143000
50,4500,5,5,1932,2000,0,848,672,1520,1,3,6,0,1968,1,281,0,159434
120,2887,6,5,1996,1997,0,1291,0,1291,1,2,6,1,1996,2,431,0,173000
20,11248,9,5,2002,2002,215,1668,0,1668,2,3,7,1,2002,3,702,0,285000
60,16770,7,5,1998,1998,30,1195,644,1839,2,4,7,0,1998,2,486,0,221000
160,5062,7,5,1984,1984,0,1190,900,2090,2,3,6,1,1984,2,577,0,207500
60,10207,7,6,2007,2007,0,874,887,1761,3,3,7,0,2007,2,578,0,227875
160,5105,7,5,2004,2004,0,551,551,1102,2,2,4,0,2004,2,480,0,148800
20,8089,8,6,2007,2007,0,1419,0,1419,2,2,7,1,2007,2,567,0,392000
120,7577,6,5,2005,2006,256,1362,0,1362,2,2,6,1,2005,2,460,0,194700
120,4426,6,5,2004,2004,147,848,0,848,1,1,3,1,2004,2,420,0,141000
60,21535,10,6,1994,1995,1170,2444,1872,4316,3,4,10,2,1994,3,832,0,755000
60,26178,7,5,1989,1990,293,1238,1281,2519,2,4,9,2,1989,2,628,0,335000
30,5400,5,6,1921,1968,0,1073,0,1073,1,2,4,0,1968,1,326,0,108480
50,6120,5,6,1936,1950,0,1067,472,1539,1,3,5,0,1995,2,576,0,141500
20,13811,6,6,1987,1987,72,1137,0,1137,2,2,5,1,1987,2,551,0,176000
30,6000,5,7,1921,1950,0,616,0,616,1,2,4,0,1921,1,205,0,89000
20,6420,5,7,1952,1952,0,1148,0,1148,1,2,6,0,1952,1,308,0,123500
20,8450,5,8,1965,2009,0,894,0,894,1,3,5,1,1973,1,336,0,138500
120,4282,7,5,2004,2004,0,1391,0,1391,2,2,5,0,2004,2,530,0,196000
20,14331,8,5,2002,2002,630,1800,0,1800,2,3,7,1,2002,3,765,0,312500
20,9600,7,5,1969,1969,168,1164,0,1164,1,3,6,0,1969,2,528,0,140000
60,12438,8,5,2006,2006,466,1264,1312,2576,2,4,10,1,2006,3,666,0,361919
190,7630,5,9,1900,1996,0,1032,780,1812,2,4,8,1,1999,2,672,0,140000
20,8400,7,5,2004,2005,109,1484,0,1484,2,3,7,0,2004,2,606,0,213000
190,5600,4,5,1930,1950,0,372,720,1092,2,3,7,0,NA,0,0,0,55000
20,115149,7,5,1971,2002,351,1824,0,1824,2,2,5,2,1971,2,739,0,302000
120,6240,8,5,2006,2006,176,1324,0,1324,2,2,6,1,2006,2,550,0,254000
60,9018,7,5,2007,2007,0,728,728,1456,2,3,8,1,2007,2,400,0,179540
20,7162,5,7,1966,1966,41,904,0,904,1,3,6,0,1966,1,408,0,109900
30,4130,3,6,1935,2003,0,729,0,729,1,2,5,0,NA,0,0,0,52000
50,8712,4,7,1900,1950,0,859,319,1178,1,2,7,0,1964,1,384,0,102776
120,4671,8,5,1988,1989,0,1228,0,1228,2,2,5,1,1988,2,472,0,189000
190,9873,4,5,1970,1970,160,960,0,960,1,3,6,0,1970,2,576,0,129000
60,13517,6,8,1976,2005,289,725,754,1479,2,3,6,0,1976,2,475,0,130500
20,10140,6,5,1974,1974,174,1350,0,1350,2,3,7,1,1974,2,478,0,165000
70,10800,7,8,1890,1998,0,1576,978,2554,1,3,8,0,1996,2,704,0,159500
20,10000,5,6,1973,2000,0,1178,0,1178,1,3,5,1,1973,2,439,0,157000
60,10542,7,5,1993,1994,651,1325,1093,2418,2,3,9,1,1993,3,983,0,341000
20,9920,5,6,1969,1969,0,971,0,971,1,3,5,1,1969,1,300,0,128500
120,6563,8,5,1985,1985,0,1742,0,1742,2,2,5,1,1985,2,564,0,275000
120,4426,6,5,2004,2004,169,848,0,848,1,1,3,0,2004,2,420,0,143000
20,8120,4,7,1970,1970,0,864,0,864,1,3,5,0,1994,2,463,0,124500
50,8172,4,6,1954,1972,0,997,473,1470,2,4,7,0,1958,1,548,0,135000
20,13286,9,5,2007,2008,340,1698,0,1698,2,3,8,1,2007,3,768,0,320000
20,6960,4,6,1970,1970,0,864,0,864,1,3,5,0,1989,2,660,0,120500
20,21695,6,9,1988,2007,260,1680,0,1680,2,3,5,1,1988,2,540,0,222000
20,7314,7,5,2007,2007,82,1232,0,1232,2,2,6,0,2007,2,632,0,194500
90,11475,5,5,1958,1958,95,1776,0,1776,2,4,9,0,1968,3,888,0,110000
30,6240,4,5,1925,1950,0,848,0,1208,1,2,5,0,1962,2,539,0,103000
120,5389,8,5,1995,1996,0,1616,0,1616,2,2,5,1,1995,2,608,0,236500
80,9590,7,5,2003,2003,442,1146,0,1146,2,3,6,1,2003,2,438,0,187500
60,11404,7,5,1998,1999,202,1153,878,2031,2,3,8,1,1998,2,541,0,222500
20,10000,5,6,1961,1983,0,1144,0,1144,1,3,6,1,1961,1,264,0,131400
20,8978,5,5,1968,1968,0,948,0,948,1,3,6,0,1968,1,300,0,108000
75,10800,7,7,1914,1970,0,880,888,1768,1,2,6,2,1914,2,320,0,163000
90,8544,3,4,1950,1950,0,1040,0,1040,2,2,6,0,1949,2,400,0,93500
60,10463,8,5,2005,2005,0,901,900,1801,2,3,8,1,2005,3,800,0,239900
90,10800,5,5,1987,1988,0,1200,0,1200,3,3,5,0,NA,0,0,0,179000
60,9313,7,5,2004,2004,0,864,864,1728,2,3,7,0,2004,2,572,0,190000
70,9600,5,7,1910,2002,0,768,664,1432,2,2,7,0,1910,2,360,0,132000
20,6768,6,8,1961,1996,0,912,0,912,1,3,5,0,1962,1,288,0,142000
20,8450,7,5,2000,2001,108,1349,0,1349,2,3,6,0,2000,2,539,0,179000
80,12886,5,6,1963,1999,0,1464,0,1464,2,3,6,1,1997,2,480,0,175000
120,5395,8,5,1993,1993,0,1337,0,1337,2,2,5,1,1993,2,462,0,180000
60,8963,8,9,1976,1996,289,1175,1540,2715,3,4,11,2,1994,2,831,0,299800
60,8795,7,5,2000,2000,0,980,1276,2256,2,4,8,1,2000,2,554,0,236000
70,11700,7,7,1880,2003,0,1320,1320,2640,1,4,8,1,1950,4,864,0,265979
20,10593,7,5,1996,1996,338,1720,0,1720,2,3,7,1,1996,2,527,0,260400
50,8405,4,3,1945,1950,0,1088,441,1529,2,4,9,0,1945,1,240,0,98000
50,8800,4,7,1910,2004,0,792,348,1140,1,3,7,0,NA,0,0,0,96500
60,7750,7,5,2003,2003,0,660,660,1320,2,3,6,0,2003,2,400,0,162000
20,9236,6,5,1997,1997,0,1494,0,1494,2,3,6,0,1997,2,576,0,217000
60,10240,8,5,2005,2005,178,1038,1060,2098,2,3,8,1,2005,3,878,0,275500
20,7930,6,8,1969,2005,0,1026,0,1026,1,3,5,0,1969,2,440,0,156000
160,3230,6,5,1999,1999,894,742,729,1471,2,3,6,0,1999,2,440,0,172500
60,10769,8,5,2007,2007,0,866,902,1768,2,3,7,0,2007,2,578,0,212000
60,11616,6,5,1978,1978,328,672,714,1386,2,3,6,1,1978,2,440,0,158900
160,2280,7,5,1999,1999,360,757,744,1501,2,3,6,0,1999,2,440,0,179400
60,12257,8,5,1995,1995,513,1328,1203,2531,2,4,9,1,1995,3,752,0,290000
20,9100,6,6,1959,1959,0,864,0,864,1,2,5,0,2008,1,300,0,127500
30,6911,5,5,1924,1950,0,1301,0,1301,1,2,5,0,1965,2,440,0,100000
60,8640,7,5,2009,2009,0,764,783,1547,2,3,7,0,2009,2,614,0,215200
60,9430,8,5,1999,1999,673,1268,1097,2365,2,3,8,1,1999,3,856,0,337000
120,9549,8,5,1995,1996,0,1494,0,1494,1,2,6,1,1995,2,481,0,270000
20,14587,9,5,2008,2008,284,1506,0,1506,2,2,6,1,2008,2,592,0,264132
60,10421,7,5,1988,1988,42,980,734,1714,2,3,7,1,1988,2,496,0,196500
50,12508,6,7,1940,1985,0,983,767,1750,2,4,7,0,1989,1,423,0,160000
20,9100,7,5,2004,2005,0,1836,0,1836,2,3,8,1,2004,2,484,0,216837
60,53504,8,5,2003,2003,603,1690,1589,3279,3,4,12,1,2003,3,841,0,538000
85,7252,5,5,1982,1982,0,858,0,858,1,2,5,0,1983,2,576,0,134900
20,8877,4,5,1951,1951,0,1220,0,1220,1,2,6,0,1951,2,396,0,102000
80,7819,6,5,1976,1976,0,1117,0,1117,1,3,6,1,1976,2,672,0,107000
20,10150,5,5,1958,1958,1,912,0,912,1,2,5,0,1958,1,275,0,114500
20,14226,8,5,2006,2006,375,1973,0,1973,2,3,9,1,2006,3,895,0,395000
120,4500,6,5,1998,1998,320,1204,0,1204,2,2,5,0,1998,2,412,0,162000
20,11210,7,5,2005,2006,240,1614,0,1614,2,3,7,0,2005,3,865,0,221500
20,13350,5,5,1974,1974,0,894,0,894,1,3,5,1,1974,2,440,0,142500
90,8400,5,5,1977,1977,320,2020,0,2020,2,4,10,2,1977,2,630,0,144000
90,10530,6,5,1977,1977,90,1004,0,1004,1,2,4,0,1977,2,504,0,135000
20,7875,7,5,1995,1996,38,1253,0,1253,2,3,6,1,1995,2,402,0,176000
60,7153,6,5,1992,1992,0,810,793,1603,2,3,7,0,1992,2,484,0,175900
20,16285,7,5,2001,2002,0,1430,0,1430,2,3,6,0,2001,2,605,0,187100
85,9101,5,6,1978,1978,104,1110,0,1110,1,1,4,1,1978,2,602,0,165500
75,6300,6,6,1914,2001,0,742,742,1484,2,3,9,1,NA,0,0,0,128000
20,9790,6,5,1967,1967,0,1342,0,1342,2,3,7,1,1967,2,457,0,161500
50,10800,5,6,1915,1950,0,966,686,1652,2,4,7,0,1961,1,416,0,139000
60,10142,7,5,2004,2004,0,956,1128,2084,2,4,8,0,2004,2,618,0,233000
20,6000,4,7,1954,2000,0,901,0,901,1,2,4,0,1954,1,281,0,107900
60,12205,6,8,1966,2007,157,976,1111,2087,2,5,9,0,1966,2,444,0,187500
120,3182,7,5,2005,2006,11,1145,0,1145,2,2,5,1,2005,2,397,0,160200
80,11333,6,5,1976,1976,0,1062,0,1062,1,3,5,2,1976,2,539,0,146800
60,9920,7,5,1996,1997,0,1127,886,2013,2,3,8,1,1997,2,455,0,269790
20,9158,8,5,2007,2007,140,1496,0,1496,2,3,7,0,2007,2,474,0,225000
60,10832,7,5,1994,1996,0,1086,809,1895,2,3,7,1,1994,2,409,0,194500
60,8400,6,6,1980,1981,130,888,676,1564,2,3,7,1,1980,2,476,0,171000
20,8197,6,5,1977,1977,148,1285,0,1285,1,3,7,1,1977,2,528,0,143500
20,7677,5,5,1953,1953,0,773,0,773,1,2,4,0,1953,1,240,0,110000
60,13518,9,5,2008,2009,860,1966,1174,3140,3,4,11,2,2009,3,820,0,485000
50,7200,5,7,1937,1950,252,981,787,1768,1,3,7,2,1939,1,240,0,175000
60,12798,6,5,1997,1997,0,616,1072,1688,2,4,8,0,1997,2,603,0,200000
30,4800,4,7,1916,1990,0,1196,0,1196,1,2,5,0,1957,2,440,0,109900
60,8199,7,5,2005,2005,0,728,728,1456,2,3,7,1,2005,2,410,0,189000
60,13891,9,5,2008,2009,424,1734,1088,2822,3,4,12,1,2009,3,1020,0,582933
20,9000,5,5,1954,1954,0,1128,0,1128,1,2,5,0,1954,1,286,0,118000
20,12274,7,5,2008,2008,256,1428,0,1428,2,3,6,0,2008,2,554,0,227680
80,9750,5,5,1967,1967,0,980,0,980,2,3,6,0,1967,1,384,0,135500
70,21384,5,6,1923,2004,0,1072,504,1576,1,3,6,1,1923,2,528,0,223500
80,13400,5,5,1966,1966,1047,1086,0,1086,1,3,6,1,1966,2,484,0,159950
75,8100,5,5,1898,1965,0,1075,1063,2138,2,2,11,0,1910,2,360,0,106000
20,10140,6,6,1974,1999,99,1309,0,1309,1,3,5,1,1974,2,484,648,181000
120,4438,6,5,2004,2004,169,848,0,848,1,1,4,1,2004,2,420,0,144500
20,8712,5,5,1952,1952,0,1044,0,1044,1,2,4,0,1952,2,504,0,55993
20,9750,6,6,1958,1958,243,1442,0,1442,1,4,7,0,1958,1,301,0,157900
50,8248,5,7,1918,1950,0,686,564,1250,1,3,7,0,1955,1,280,0,116000
20,12137,7,5,1998,1998,442,1661,0,1661,2,3,6,0,1998,2,598,0,224900
20,11425,5,6,1954,1954,0,1008,0,1008,1,2,4,1,1954,1,275,0,137000
20,13265,8,5,2002,2002,148,1689,0,1689,2,3,7,2,2002,3,857,0,271000
80,8816,6,7,1971,1971,80,1052,0,1052,1,3,6,0,1971,2,440,0,155000
120,6371,7,5,2009,2010,128,1358,0,1358,2,2,6,1,2010,2,484,0,224000
60,7226,7,5,2003,2003,0,798,842,1640,2,3,6,0,2003,2,595,0,183000
20,6000,4,4,1953,1953,0,936,0,936,1,2,4,0,1974,2,576,0,93000
60,12394,7,5,2003,2003,0,847,886,1733,2,3,7,1,2003,2,433,0,225000
50,9900,6,7,1940,1950,0,944,545,1489,2,3,7,1,1940,1,240,0,139500
20,11216,8,5,2006,2006,0,1489,0,1489,2,3,7,1,2006,2,776,0,232600
20,14803,10,5,2007,2008,816,2084,0,2084,2,2,7,1,2007,3,1220,0,385000
45,6130,5,6,1924,1950,0,784,0,784,1,2,5,0,NA,0,0,0,109500
20,8529,7,5,2001,2001,0,1434,0,1434,2,3,6,1,2001,2,527,0,189000
60,28698,5,5,1967,1967,0,1160,966,2126,2,3,7,0,1967,2,538,0,185000
160,2544,7,5,2005,2005,0,520,623,1223,2,2,4,0,2005,2,480,0,147400
20,11900,6,5,1957,1957,387,1392,0,1392,1,3,6,2,1957,2,458,0,166000
160,3180,7,5,2005,2005,0,520,600,1200,2,2,4,0,2005,2,480,0,151000
60,9548,7,6,2003,2003,223,941,888,1829,2,3,7,1,2003,2,613,0,237000
20,10004,6,6,1964,1964,180,1516,0,1516,1,3,6,0,1964,2,472,0,167000
20,7875,5,6,1961,1961,136,1144,0,1144,1,3,6,0,1961,2,456,0,139950
20,9600,4,7,1950,1995,0,1067,0,1067,2,2,4,0,1996,2,436,0,128000
30,8100,5,6,1948,1973,0,1559,0,1559,1,2,5,0,1948,2,812,0,153500
160,1680,6,5,1973,1973,158,483,504,987,1,2,5,0,1973,1,264,0,100000
20,9525,5,6,1995,2006,0,1099,0,1099,1,3,6,0,1999,1,352,0,144000
50,11767,5,6,1946,1995,0,768,432,1200,1,3,6,0,1946,1,240,0,130500
70,12155,6,8,1925,1950,0,810,672,1482,2,4,7,0,1934,1,400,0,140000
70,10440,5,8,1904,2002,0,958,581,1539,2,3,8,1,1983,2,686,0,157500
80,9020,6,7,1966,1966,183,1165,0,1165,1,3,6,0,1966,2,490,0,174900
90,8000,5,4,1961,1961,0,1800,0,1800,2,6,10,0,NA,0,0,0,141000
50,12665,5,8,1915,1950,0,876,540,1416,1,4,7,1,1949,3,720,0,153900
85,16647,5,5,1975,1981,0,1701,0,1701,2,3,6,2,1975,2,611,0,171000
60,9317,7,5,1993,1993,137,1006,769,1775,2,3,7,1,1993,2,425,0,213000
20,15523,5,6,1972,1972,0,864,0,864,1,3,5,1,1972,1,338,0,133500
50,45600,6,8,1908,1997,0,1307,1051,2358,3,5,10,1,1908,2,360,0,240000
80,9600,6,7,1976,1994,360,1094,761,1855,2,3,7,1,1976,2,512,0,187000
120,4435,6,5,2003,2003,170,848,0,848,1,1,3,0,2003,2,420,0,131500
120,3196,8,5,2003,2003,40,1456,0,1456,2,2,7,1,2003,2,400,0,215000
75,7128,7,5,1941,1950,0,918,728,1646,2,4,7,2,1941,1,240,0,164000
80,12095,6,6,1964,1964,115,1445,0,1445,1,3,7,1,1964,2,645,0,158000
20,17920,5,4,1955,1974,0,1779,0,1779,1,3,6,1,1955,2,454,0,170000
20,6897,5,8,1962,2010,0,1040,0,1040,1,3,6,0,1962,1,260,0,127000
80,10970,6,6,1978,1978,0,1026,0,1026,1,3,5,0,1981,2,576,0,147000
60,8125,6,5,1994,1995,0,702,779,1481,2,3,6,1,1994,2,343,0,174000
20,10400,7,5,1976,1976,189,1370,0,1370,2,3,6,1,1976,2,479,0,152000
60,11029,6,7,1968,1984,220,1512,1142,2654,2,4,9,1,1968,2,619,0,250000
50,7642,7,8,1918,1998,0,912,514,1426,1,3,7,1,1925,1,216,0,189950
190,11625,5,4,1965,1965,0,1039,0,1039,1,3,6,0,1965,2,504,0,131500
20,9672,6,5,1984,1985,0,1097,0,1097,2,3,6,0,1986,2,480,0,152000
20,7931,5,5,1959,1959,0,1148,0,1148,1,3,6,0,1959,1,672,0,132500
20,8640,7,5,2007,2008,0,1372,0,1372,2,3,6,0,2008,2,529,0,250580
20,8750,5,6,1970,1970,76,1002,0,1002,1,3,5,0,1973,2,902,0,148500
20,10656,8,5,2006,2007,274,1646,0,1646,2,3,6,1,2007,3,870,0,248900
20,6970,4,5,1961,1961,0,1120,0,1120,1,3,5,0,1961,2,544,0,129000
60,14762,5,6,1948,1950,0,1547,720,2320,2,2,7,1,1979,2,672,0,169000
60,9938,7,5,1993,1994,246,1062,887,1949,2,3,8,1,1993,2,574,0,236000
20,6600,5,5,1962,1962,0,894,0,894,1,2,5,0,1962,1,308,0,109500
60,8750,6,5,1998,1998,116,804,878,1682,2,3,7,0,1998,2,523,0,200500
20,8892,5,7,1953,1996,0,910,0,910,1,3,5,0,1953,2,414,0,116000
40,12144,5,7,1949,1950,0,1036,0,1268,1,3,6,1,1949,1,288,0,133000
50,5720,5,6,1941,1950,0,676,455,1131,1,3,5,0,1941,1,200,0,66500
60,9000,8,5,2007,2007,0,1184,1426,2610,2,4,11,1,2007,2,550,0,303477
20,25286,4,5,1963,1963,0,1040,0,1040,1,3,5,0,1963,2,648,0,132250
60,8834,9,5,2004,2005,216,1462,762,2224,2,4,10,1,2004,3,738,0,350000
85,11782,5,7,1961,1995,0,1155,0,1155,1,3,6,0,1987,2,576,0,148000
20,7000,5,8,1978,2005,90,864,0,864,1,3,6,0,1978,1,336,0,136500
20,7024,5,5,2005,2006,0,1090,0,1090,1,2,5,0,2005,2,450,0,157000
50,13758,7,5,1990,1991,117,1187,530,1717,2,3,7,1,1990,2,400,0,187500
60,9636,6,5,1992,1993,0,808,785,1593,2,3,7,1,1993,2,389,0,178000
75,6204,4,5,1912,1950,0,954,795,2230,1,5,10,0,1997,1,440,0,118500
20,7150,5,5,1967,1967,60,892,0,892,1,3,5,0,1967,1,288,0,100000
120,5119,9,5,1999,2000,60,1709,0,1709,2,2,5,1,1999,2,506,0,328900
90,8393,5,5,1959,2005,122,1712,0,1712,2,4,8,0,2005,2,588,0,145000
50,16466,5,7,1955,1955,0,872,521,1393,1,3,8,0,1955,1,300,0,135500
20,15865,8,6,1970,1970,0,2217,0,2217,2,4,8,1,1970,2,621,0,268000
20,12160,6,4,1953,1953,90,1505,0,1505,1,2,6,1,1953,2,505,0,149500
50,8064,5,7,1949,2006,0,672,252,924,1,3,6,1,2003,2,576,0,122900
60,11184,6,5,1978,1978,92,918,765,1683,2,3,7,1,1978,2,440,0,172500
20,8414,6,8,1963,2003,0,1068,0,1068,1,3,6,0,1963,1,264,0,154500
20,13284,5,5,1954,1954,0,1383,0,1383,1,3,6,1,1954,1,354,0,165000
90,7018,5,5,1979,1979,0,1535,0,1535,2,4,8,0,1979,2,400,0,118858
60,7056,6,5,1963,1963,415,983,813,1796,1,4,8,1,1963,2,483,0,140000
30,8765,4,6,1936,1950,0,951,0,951,1,2,6,0,1936,1,327,0,106500
90,7018,5,5,1979,1979,0,1120,1120,2240,2,6,12,0,1979,2,528,0,142953
20,12919,9,5,2009,2010,760,2364,0,2364,2,2,11,2,2009,3,820,0,611657
20,6993,5,7,1961,1994,0,1236,0,1236,1,3,6,1,1961,1,288,0,135000
20,7340,4,6,1971,1971,0,858,0,858,1,2,4,0,1979,1,684,0,110000
20,8712,5,7,1957,2000,0,1306,0,1306,1,2,5,0,1968,1,756,0,153000
60,7875,7,5,2003,2003,0,807,702,1509,2,3,8,1,2003,2,393,0,180000
20,14859,7,5,2006,2006,27,1670,0,1670,2,3,7,1,2006,3,690,0,240000
20,6173,5,6,1967,1967,75,902,0,902,1,3,6,0,1967,1,288,0,125500
20,9920,5,5,1954,1954,110,1063,0,1063,1,3,6,0,1954,1,280,0,128000
20,13501,8,5,2006,2006,208,1636,0,1636,2,3,8,1,2006,3,865,0,255000
50,11500,7,7,1936,1987,0,1020,1037,2057,1,3,6,1,1936,1,180,0,250000
20,8885,5,5,1983,1983,0,902,0,902,1,2,5,0,1983,2,484,0,131000
60,12589,6,5,2005,2005,0,742,742,1484,2,3,8,1,2005,2,390,0,174000
90,11600,5,5,1960,1960,361,1105,1169,2274,2,5,12,0,1960,2,480,0,154300
20,9286,5,7,1977,1989,0,1268,0,1268,1,3,5,0,1978,1,252,0,143500
30,6120,5,7,1925,1950,0,1015,0,1015,1,3,6,0,1925,1,450,0,88000
90,6270,5,6,1949,1950,0,1001,1001,2002,2,4,8,0,1949,3,871,0,145000
160,3000,6,5,2009,2009,76,612,612,1224,2,2,4,0,2009,2,528,0,173733
160,2001,4,5,1970,1970,80,546,546,1092,1,3,6,0,1970,1,286,0,75000
20,9000,2,3,1949,1950,0,480,0,480,0,1,4,0,1958,1,308,0,35311
20,17140,4,6,1956,1956,0,1229,0,1229,1,3,6,0,1956,1,284,0,135000
60,13125,7,5,1991,1991,0,912,1215,2127,2,4,8,1,1991,3,833,0,238000
20,11029,6,8,1958,2002,0,1414,0,1414,1,3,6,1,1990,2,601,0,176500
60,8462,6,5,1994,1994,105,936,785,1721,2,3,7,0,1994,2,471,0,201000
90,8777,5,7,1900,2003,0,1272,928,2200,2,4,9,0,NA,0,0,0,145900
20,10237,6,5,2005,2006,0,1316,0,1316,2,3,6,1,2005,2,397,0,169990
120,8012,6,5,1993,1994,0,1617,0,1617,2,2,5,1,1993,2,533,0,193000
20,10240,6,6,1980,1980,157,1686,0,1686,2,3,7,1,1980,2,612,0,207500
20,15611,5,6,1977,1977,0,1126,0,1126,2,3,6,0,1977,2,540,0,175000
60,11999,8,5,2003,2004,340,1234,1140,2374,2,4,10,1,2003,3,656,0,285000
60,9900,7,5,1968,1968,342,1098,880,1978,2,4,9,1,1968,2,486,0,176000
20,11838,8,5,2001,2001,0,1788,0,1788,2,3,7,1,2001,2,522,0,236500
60,13006,7,5,1997,1997,285,993,1243,2236,2,4,8,1,1997,2,642,0,222000
20,8925,8,5,2007,2007,0,1466,0,1466,2,3,7,0,2007,3,610,0,201000
20,9100,5,6,1965,1965,0,925,0,925,1,2,5,0,1965,1,429,0,117500
20,11670,9,5,2006,2006,302,1905,0,1905,2,3,8,1,2006,3,788,0,320000
20,8487,7,5,2004,2004,210,1500,0,1500,2,3,6,0,2004,2,570,0,190000
20,27650,7,7,1960,2007,0,2069,0,2069,2,4,9,1,1960,2,505,0,242000
30,5825,4,5,1926,1953,108,747,0,747,1,1,5,0,1953,2,528,0,79900
20,10083,7,5,2003,2003,NA,1200,0,1200,2,2,5,0,2003,2,555,0,184900
60,9675,7,5,2005,2005,0,1113,858,1971,2,3,8,1,2005,2,689,0,253000
60,8760,7,5,2006,2006,0,1391,571,1962,2,3,7,0,2006,3,868,0,239799
70,24090,7,7,1940,1950,0,1207,1196,2403,2,4,10,2,1940,1,349,0,244400
90,12640,6,5,1976,1976,0,1728,0,1728,2,4,8,0,1976,2,574,0,150900
60,8755,7,5,1999,1999,298,1022,1038,2060,2,3,8,1,1999,2,390,0,214000
90,7711,4,3,1977,1977,0,1440,0,1440,2,4,8,0,NA,0,0,0,150000
90,25000,5,4,1967,1967,0,1632,0,1632,2,4,8,0,1967,2,576,0,143000
20,14375,6,6,1958,1958,541,1344,0,1344,1,3,7,1,1958,2,525,0,137500
50,8820,5,6,1890,1996,0,1188,561,1869,1,2,7,0,1963,2,456,0,124900
80,8163,5,6,1959,1959,128,1144,0,1144,1,3,6,1,1959,1,796,0,143000
20,14536,8,5,2002,2003,236,1629,0,1629,2,3,9,1,2002,3,808,0,270000
60,14006,7,5,2002,2002,144,936,840,1776,2,3,7,1,2002,2,474,0,192500
20,9360,6,7,1972,2006,0,1381,0,1381,1,3,5,1,1972,2,676,0,197500
20,7200,5,8,1950,2002,0,864,0,864,1,3,5,0,1980,2,720,0,129000
20,7800,5,5,1965,1965,0,965,0,965,1,3,6,0,1979,1,300,0,119900
85,7200,5,8,1972,2003,0,768,0,768,1,2,5,0,1974,1,396,0,133900
60,11075,5,4,1969,1969,232,1168,800,1968,2,4,7,1,1969,2,530,0,172000
90,9400,6,5,1975,1975,250,980,0,980,2,4,4,0,NA,0,0,0,127500
90,7136,6,6,1946,1950,423,979,979,1958,2,4,8,0,1946,2,492,0,145000
160,1300,6,6,1980,1980,0,561,668,1229,1,2,5,1,1980,2,462,0,124000
20,7420,5,5,1962,1962,0,1057,0,1057,1,3,6,0,1977,2,576,0,132000
20,8450,7,5,2003,2003,0,1337,0,1337,2,3,6,0,2003,2,531,0,185000
160,2572,7,5,1999,1999,0,696,720,1416,2,3,6,0,1999,2,484,0,155000
20,7207,5,7,1958,2008,0,858,0,858,1,2,4,0,NA,0,0,0,116500
60,12227,6,7,1977,1995,424,1542,1330,2872,2,4,11,1,1977,2,619,0,272000
160,2308,6,6,1976,1976,0,804,744,1548,2,3,7,1,1976,2,440,0,155000
20,11923,9,5,2007,2007,0,1800,0,1800,2,2,7,0,2007,2,702,0,239000
60,11316,7,5,2002,2003,44,824,1070,1894,2,4,8,1,2002,2,510,0,214900
60,10237,6,5,2005,2007,0,783,701,1484,2,3,8,1,2005,2,393,0,178900
50,9600,5,7,1940,1950,0,976,332,1308,1,2,7,2,1940,1,256,0,160000
20,7390,5,7,1955,1955,151,1098,0,1098,1,3,6,0,1955,1,260,0,135000
50,5925,3,6,1910,1950,0,600,368,968,1,2,6,0,NA,0,0,0,37900
190,10382,6,5,1958,1958,105,1095,0,1095,1,2,6,0,1958,1,264,0,140000
50,10800,4,4,1949,1950,0,720,472,1192,1,4,6,0,NA,0,0,0,135000
160,2268,7,5,2003,2004,106,764,862,1626,2,2,6,0,2003,2,474,0,173000
120,7892,6,5,1979,1979,0,918,0,918,2,2,5,1,1979,1,264,0,99500
20,11639,7,5,2007,2008,NA,1428,0,1428,2,3,6,0,2007,2,480,0,182000
70,11414,7,8,1910,1993,0,1136,883,2019,1,3,8,0,1997,2,532,0,167500
160,2651,7,5,2000,2000,0,673,709,1382,2,3,6,0,2000,2,490,0,165000
30,5900,4,7,1923,1958,0,869,0,869,1,2,4,0,NA,0,0,0,85500
120,4274,7,5,2006,2007,NA,1241,0,1241,1,1,4,0,2007,2,569,0,199900
20,9450,4,5,1954,1954,0,894,0,894,1,3,5,0,1999,2,400,0,110000
20,8816,5,6,1963,1963,0,1121,0,1121,1,3,5,0,1963,2,480,0,139000
85,12122,7,9,1961,2007,210,999,0,999,1,3,6,0,1961,2,588,0,178400
60,12203,8,5,1998,1999,975,1276,1336,2612,2,4,8,1,1998,3,676,0,336000
20,3182,7,5,2007,2007,16,1266,0,1266,2,2,6,1,2007,2,388,0,159895
60,11250,8,5,2002,2002,0,1149,1141,2290,2,4,9,1,2002,2,779,0,255900
90,10125,5,5,1977,1977,0,1302,432,1734,2,4,8,0,1977,2,539,0,126000
190,10880,5,5,1950,1950,0,1164,0,1164,1,3,5,0,1950,1,240,0,125000
50,5310,6,8,1910,2003,0,1001,634,1635,1,2,5,0,1950,1,255,0,117000
20,10159,9,5,2009,2010,450,1940,0,1940,2,3,8,1,2010,3,606,0,395192
60,12046,6,6,1976,1976,298,1118,912,2030,2,4,8,1,1976,2,551,0,195000
60,8125,7,5,2006,2006,0,778,798,1576,2,3,6,0,2006,2,614,0,197000
60,9452,8,5,1997,1998,423,1407,985,2392,2,3,7,1,1997,3,870,0,348000
70,17671,8,9,1882,1986,0,916,826,1742,1,4,8,1,1925,2,424,0,168000
60,9760,6,8,1964,1993,340,1020,831,1851,2,3,7,1,1964,2,440,0,187000
60,8846,6,5,2005,2006,0,750,750,1500,2,3,6,0,2005,2,564,0,173900
20,12456,10,5,2006,2007,230,1718,0,1718,2,3,7,1,2008,3,786,0,337500
50,4712,4,7,1946,1950,0,774,456,1230,1,3,5,0,1946,1,305,0,121600
20,10659,5,6,1961,1961,0,1050,0,1050,1,3,6,0,1961,1,368,0,136500
20,11717,6,6,1970,1970,571,1442,0,1442,2,2,6,1,1970,2,615,0,185000
30,9786,3,4,1922,1950,0,1077,0,1077,1,3,6,1,1922,1,210,0,91000
20,6762,7,5,2006,2006,24,1208,0,1208,2,2,6,0,2006,2,632,0,206000
20,10206,3,3,1952,1952,0,944,0,944,1,2,4,0,1956,2,528,0,82000
30,5400,5,6,1920,1950,0,691,0,691,1,2,4,0,1920,1,216,0,86000
20,11957,8,5,2006,2006,53,1574,0,1574,2,3,7,1,2006,3,824,0,232000
90,11500,5,6,1976,1976,164,1680,0,1680,2,4,8,0,1976,2,528,0,136905
120,3182,7,5,2005,2006,16,1504,0,1504,2,1,7,1,2005,2,457,0,181000
80,8385,5,8,1977,1977,220,985,0,985,2,3,6,0,1977,1,328,0,149900
20,12155,6,3,1970,1970,0,1657,0,1657,2,3,7,1,1970,2,484,0,163500
160,2217,4,4,1970,1970,0,546,546,1092,1,3,6,0,1970,1,286,0,88000
20,12118,7,5,2004,2005,108,1710,0,1710,2,3,7,1,2004,2,550,0,240000
50,6000,5,5,1926,1950,0,1008,0,1522,2,4,7,0,NA,0,0,0,102000
50,21286,5,5,1948,1950,0,720,551,1271,2,4,7,1,1948,1,312,0,135000
90,9825,5,5,1965,1965,0,1664,0,1664,2,4,8,0,NA,0,0,0,100000
70,10592,6,7,1923,1996,0,900,602,1502,1,3,7,2,1923,1,180,0,165000
30,7200,5,4,1910,2006,0,1022,0,1022,1,2,4,0,1956,1,280,0,85000
20,11664,6,5,1948,1950,206,1082,0,1082,1,2,5,1,1948,1,240,0,119200
60,8400,8,6,2001,2001,0,810,855,1665,2,3,6,0,2001,2,528,0,227000
20,11883,7,5,1996,1996,196,1504,0,1504,2,3,6,1,1996,2,478,0,203000
120,5814,8,5,1984,1984,0,1360,0,1360,1,1,4,1,1984,2,565,0,187500
80,10784,7,5,1991,1992,76,802,670,1472,2,3,7,1,1991,2,402,0,160000
120,3013,7,5,2005,2005,145,1506,0,1506,2,2,6,1,2005,2,440,0,213490
20,7024,4,5,2005,2005,0,1132,0,1132,1,2,5,0,2005,2,451,0,176000
20,7406,7,5,2006,2006,84,1220,0,1220,2,2,6,0,2006,2,632,0,194000
50,9439,5,5,1930,1950,0,912,336,1248,1,2,6,0,1957,1,160,0,87000
120,3182,7,5,2005,2006,14,1504,0,1504,2,2,7,1,2005,2,437,0,191000
20,15498,8,6,1976,1976,0,2898,0,2898,2,2,10,1,1976,2,665,0,287000
20,7700,5,5,1972,1972,0,882,0,882,1,3,5,0,1980,2,461,0,112500
20,9300,5,5,1960,1960,324,1264,0,1264,1,3,6,2,1960,2,461,0,167500
20,9520,8,5,2007,2008,338,1646,0,1646,2,3,7,1,2008,3,800,0,293077
50,9492,5,5,1941,1950,0,968,408,1376,1,3,6,1,1941,1,240,0,105000
160,1680,6,7,1972,1972,281,672,546,1218,1,3,7,0,1972,1,264,0,118000
190,7082,5,8,1916,1995,0,948,980,1928,2,5,10,0,NA,0,0,0,160000
75,15863,7,3,1920,1970,0,1687,998,3082,2,5,12,2,1970,2,672,0,197000
60,14541,8,7,1993,1993,0,1352,1168,2520,2,5,10,1,1993,3,796,0,310000
20,8125,7,5,2002,2002,295,1654,0,1654,2,3,6,0,2002,3,900,0,230000
30,6305,5,7,1938,1950,0,954,0,954,1,2,5,1,1938,1,240,0,119750
20,11500,4,3,1957,1957,0,845,0,845,1,3,5,0,1957,1,290,0,84000
20,12898,9,5,2007,2008,70,1620,0,1620,2,2,6,1,2008,3,912,0,315500
60,9240,8,5,2001,2002,396,1055,1208,2263,2,3,7,1,2001,2,905,0,287000
160,1533,4,6,1970,2008,0,798,546,1344,1,3,6,1,NA,0,0,0,97000
180,1477,4,4,1970,1970,0,630,0,630,1,1,3,0,1970,1,286,0,80000
20,13125,5,4,1957,2000,67,1803,0,1803,2,3,8,1,1957,2,484,0,155000
60,9130,6,8,1966,2000,252,800,832,1632,1,4,7,0,1966,2,484,0,173000
120,5381,6,5,2005,2005,135,1306,0,1306,2,1,5,1,2005,2,624,0,196000
60,11839,7,5,1990,1990,99,1532,797,2329,2,4,10,1,1990,2,514,0,262280
20,9600,8,5,1981,1981,0,2524,0,2524,2,4,9,1,1981,2,542,0,278000
20,13680,3,5,1955,1955,0,1733,0,1733,2,4,8,1,1955,2,452,0,139600
60,16056,9,5,2005,2006,208,1992,876,2868,3,4,11,1,2005,3,716,0,556581
20,9245,5,5,1994,1995,0,990,0,990,1,3,5,0,1996,2,672,0,145000
20,21750,5,4,1960,2006,75,1771,0,1771,1,3,9,1,1960,2,336,0,115000
20,11100,4,7,1946,2006,0,930,0,930,1,2,6,0,1946,1,308,0,84900
20,8993,7,5,2007,2007,0,1302,0,1302,2,3,6,0,2007,2,436,0,176485
20,11175,7,5,2007,2007,0,1316,0,1316,2,3,6,1,2007,2,440,0,200141
60,9500,6,6,1964,1978,272,1127,850,1977,1,4,9,1,1964,2,540,0,165000
20,8562,5,6,1957,2002,145,1526,0,1526,1,4,7,1,1957,1,364,0,144500
60,11367,8,5,2002,2002,210,1091,898,1989,2,3,7,1,2002,2,586,0,255000
20,11361,6,5,1976,1976,160,1523,0,1523,2,3,7,1,1976,2,478,0,180000
120,7052,7,5,2005,2005,240,1364,0,1364,2,2,6,1,2005,2,484,0,185850
60,29959,7,6,1994,1994,0,979,871,1850,2,3,7,1,1994,2,467,0,248000
60,11308,9,5,2008,2008,154,1130,1054,2184,2,3,10,1,2008,3,836,0,335000
50,11275,6,7,1932,1950,480,1096,895,1991,1,3,7,1,1977,2,432,0,220000
120,4920,8,5,2001,2001,0,1338,0,1338,2,2,6,0,2001,2,582,0,213500
30,18000,3,4,1935,1950,0,894,0,894,1,2,6,0,1994,3,1248,0,81000
190,13600,5,5,1900,1950,0,1422,915,2337,2,5,10,0,1945,2,560,0,90000
30,6000,6,6,1925,1980,0,1103,0,1103,1,2,5,1,1976,2,440,0,110500
20,11000,5,6,1966,1966,200,1154,0,1154,1,3,6,1,1966,2,480,0,154000
60,14000,7,5,1996,1997,0,1306,954,2260,2,3,7,0,1996,2,533,0,328000
60,7837,6,7,1993,1994,0,799,772,1571,2,3,7,1,1993,2,380,0,178000
60,9760,6,6,1964,1964,360,798,813,1611,1,4,7,0,1964,2,442,0,167900
160,3964,6,4,1973,1973,0,1291,1230,2521,2,5,10,1,1973,2,576,0,151400
45,9600,5,7,1949,2003,0,893,0,893,1,2,4,0,1985,2,576,0,135000
20,10152,5,5,1956,1956,120,1048,0,1048,1,3,6,0,1956,1,286,0,135000
60,11700,6,6,1968,1968,0,829,727,1556,1,4,8,0,1968,2,441,0,154000
50,7585,5,3,1948,1950,0,1002,454,1456,1,4,7,1,1954,1,280,0,91500
60,7950,6,6,1977,1977,140,698,728,1426,1,3,6,0,1977,2,440,0,159500
20,8556,7,5,2006,2006,0,1240,0,1240,2,2,5,0,2006,3,826,0,194000
70,13125,7,6,1940,1984,0,960,780,1740,1,3,6,2,1940,1,240,0,219500
50,10800,5,8,1936,1989,0,1096,370,1466,2,3,7,1,1950,2,566,0,170000
20,15870,5,5,1969,1969,0,1096,0,1096,1,3,6,0,1969,1,299,0,138800
120,4435,6,5,2004,2004,169,848,0,848,1,1,3,1,2004,2,420,0,155900
20,8775,5,5,1994,1994,0,990,0,990,1,3,5,0,1996,1,299,0,126000
20,11040,6,7,1971,2004,144,1258,0,1258,2,3,5,0,1971,2,528,0,145000
20,7500,5,5,1963,1963,0,1040,0,1040,1,3,5,0,1963,1,308,0,133000
20,8749,7,5,2002,2002,100,1459,0,1459,2,3,6,1,2002,2,527,0,192000
20,8800,6,6,1964,1964,425,1251,0,1251,1,3,6,2,1964,1,461,0,160000
60,13031,6,5,1995,1996,0,691,807,1498,2,3,6,1,1995,2,409,0,187500
85,9069,6,6,1992,1992,0,996,0,996,1,2,5,0,1992,2,564,0,147000
160,1974,4,5,1973,1973,0,546,546,1092,1,3,6,0,1973,1,286,0,83500
60,10574,8,5,2005,2006,0,1082,871,1953,2,3,9,1,2005,3,1043,0,252000
160,2522,7,5,2004,2004,50,970,739,1709,2,3,7,0,2004,2,380,0,137500
120,3316,8,5,2005,2005,0,1247,0,1247,1,1,4,1,2005,2,550,0,197000
90,8544,3,4,1950,1950,0,1040,0,1040,2,2,6,0,1987,2,400,0,92900
160,2160,7,5,1999,2000,212,624,628,1252,2,2,4,0,1999,2,462,0,160000
50,8400,6,5,1925,1950,0,1390,304,1694,2,4,7,1,1925,2,576,0,136500
20,9230,5,8,1965,1998,166,1200,0,1200,1,1,6,0,1977,2,884,0,146000
20,5868,5,7,1956,2000,0,936,0,936,1,2,4,0,1956,1,308,0,129000
20,9317,6,5,2006,2006,0,1314,0,1314,2,3,6,1,2006,2,440,0,176432
70,6882,6,7,1914,2006,0,773,582,1355,1,3,7,0,NA,0,0,0,127000
120,3696,8,5,1986,1986,0,1088,0,1088,1,2,5,0,1987,2,461,0,170000
50,6000,4,6,1936,1950,0,757,567,1324,1,3,6,0,1936,1,240,0,128000
20,11880,7,5,1978,1978,206,1601,0,1601,2,3,7,1,1978,2,478,0,157000
30,8400,2,5,1920,1950,0,438,0,438,1,1,3,0,1930,1,246,0,60000
20,9758,5,5,1971,1971,0,950,0,950,1,3,5,0,1981,1,280,0,119500
20,7000,5,7,1960,2002,45,1134,0,1134,1,2,6,0,1960,1,254,0,135000
20,8910,6,6,1959,1959,0,1194,0,1194,1,3,6,1,1954,2,539,0,159500
160,2016,5,5,1970,1970,304,630,672,1302,2,3,6,0,1970,2,440,0,106000
60,12256,8,5,1994,1995,362,1500,1122,2622,2,3,9,2,1994,2,712,0,325000
20,10357,7,5,1990,1991,0,1442,0,1442,2,3,6,1,1990,2,719,0,179900
60,23257,7,5,2006,2006,0,887,1134,2021,2,3,9,1,2006,2,422,0,274725
60,8063,6,5,2000,2000,0,948,742,1690,2,3,7,1,2000,2,463,0,181000
20,11362,8,5,2004,2005,42,1836,0,1836,2,3,7,1,2004,3,862,0,280000
60,8000,6,5,1995,1996,0,773,885,1658,2,3,8,1,1995,2,431,0,188000
60,10480,7,6,1976,1976,660,1098,866,1964,2,4,8,1,1976,2,483,0,205000
20,7100,5,7,1957,1957,0,816,0,816,1,2,5,0,1957,1,308,0,129900
20,8923,5,7,1953,2006,0,1008,0,1008,1,2,6,0,1953,1,240,0,134500
20,5400,5,7,1954,2000,0,833,0,833,1,2,4,0,1955,1,326,0,117000
20,12085,8,5,2007,2007,328,1734,0,1734,2,3,7,1,2007,3,928,0,318000
80,7750,8,5,2002,2002,0,779,640,1419,2,3,7,1,2002,2,527,0,184100
20,9764,5,7,1967,2003,0,894,0,894,1,3,5,0,1967,2,450,0,130000
80,13825,5,6,1958,1987,0,1021,580,1601,1,3,6,0,1958,1,300,0,140000
20,7560,5,5,1959,1959,0,1040,0,1040,1,3,6,0,1959,1,286,0,133700
30,8263,6,5,1920,1950,0,1012,0,1012,1,2,6,1,1920,1,308,0,118400
20,10084,7,5,2005,2006,196,1552,0,1552,2,3,7,0,2005,3,782,0,212900
20,8926,4,3,1956,1956,0,960,0,960,1,3,5,0,1956,1,288,0,112000
20,9405,5,9,1947,2008,0,698,0,698,1,2,4,0,NA,0,0,0,118000
80,9125,7,5,1992,1992,170,812,670,1482,2,3,7,1,1992,2,392,0,163900
20,10434,4,5,1955,1955,0,1005,0,1005,1,2,5,1,1977,2,672,0,115000
120,3684,7,5,2007,2007,130,1555,0,1555,2,2,7,1,2007,3,660,0,174000
20,14572,7,5,2004,2004,0,1530,0,1530,2,3,7,1,2004,3,630,0,259000
60,11796,7,5,2004,2005,0,847,1112,1959,2,4,8,1,2004,2,434,0,215000
90,7200,5,5,1980,1980,180,936,0,936,1,2,4,0,1980,2,672,0,140000
50,7804,4,3,1928,1950,0,1328,653,1981,2,4,7,2,1981,2,576,0,135000
20,10712,5,5,1991,1992,0,974,0,974,1,3,5,0,NA,0,0,0,93500
70,9900,6,4,1880,1950,0,1178,1032,2210,2,5,8,0,1930,1,205,0,117500
60,9828,8,5,1995,1995,0,1142,878,2020,2,3,8,1,1995,2,466,0,239500
60,8773,6,5,1997,1997,0,916,684,1600,2,3,7,1,1997,2,460,0,169000
30,6180,6,5,1926,1950,0,986,0,986,1,2,5,1,1926,1,180,0,102000
50,9600,6,5,1950,1950,0,1032,220,1252,1,3,6,0,1950,1,288,0,119000
50,6342,5,8,1875,1996,0,780,240,1020,1,2,6,0,NA,0,0,0,94000
20,9819,6,5,1977,1977,0,1567,0,1567,2,2,5,2,1977,2,714,0,196000
30,8731,5,5,1920,1950,0,1167,0,1167,1,3,6,1,1972,2,495,0,144000
20,7350,5,7,1951,1951,0,952,0,952,1,2,4,0,1988,2,840,0,139000
60,10304,5,7,1976,1976,44,1088,780,1868,2,4,9,1,1976,2,484,0,197500
60,9965,8,5,2006,2007,340,1466,1362,2828,3,4,11,1,2006,3,1052,0,424870
20,9000,5,3,1959,1959,0,1006,0,1006,1,3,5,0,NA,0,0,0,80000
190,12180,4,4,1941,1950,0,672,252,924,1,2,5,0,1941,1,280,0,80000
50,6240,5,6,1928,1950,0,1042,534,1576,1,3,8,1,1928,1,225,0,149000
20,11200,6,5,1985,1985,85,1298,0,1298,2,3,5,1,1985,2,403,0,180000
70,12000,7,7,1941,1950,0,860,704,1564,1,3,7,1,1941,1,234,0,174500
50,5700,7,7,1926,1950,0,572,539,1111,1,2,5,1,1982,1,288,0,116900
70,9000,7,9,1920,1988,0,832,650,1482,1,3,7,0,1930,2,324,0,143000
20,8280,6,5,1950,1950,0,932,0,932,1,2,4,1,1950,1,306,0,124000
20,17755,5,4,1959,1959,132,1466,0,1466,1,3,6,2,1959,2,528,0,149900
20,14115,6,7,1956,2004,0,1811,0,1811,1,2,6,1,1956,2,470,0,230000
30,5890,6,8,1930,2007,0,816,0,816,1,2,5,0,2002,1,432,0,120500
60,13700,7,6,1965,1988,288,902,918,1820,1,4,8,2,1965,2,492,0,201800
20,10768,5,8,1976,2004,0,1437,0,1437,2,3,6,1,1976,2,528,0,218000
80,9350,5,8,1965,1999,0,1265,0,1265,2,3,6,1,1965,2,502,0,179900
120,5001,7,5,2007,2008,166,1314,0,1314,2,2,6,1,2008,2,626,0,230000
20,11932,8,5,2007,2008,186,1580,0,1580,2,3,7,0,2008,3,830,0,235128
60,9120,6,6,1974,1974,270,943,933,1876,2,4,8,1,1974,2,540,0,185000
160,2280,6,5,1978,1978,0,855,601,1456,2,3,7,1,1978,2,440,0,146000
20,14778,6,7,1954,2006,72,1640,0,1640,1,3,7,1,1993,2,924,0,224000
20,8724,5,5,1968,1968,0,894,0,894,1,3,5,1,1968,2,450,0,129000
90,12900,4,4,1969,1969,0,1258,0,1258,0,0,6,0,1969,2,400,0,108959
80,16157,5,7,1978,1978,0,1432,0,1432,1,2,5,1,1978,2,588,0,194000
20,9541,7,5,2009,2009,268,1502,0,1502,2,3,7,0,2009,2,644,0,233170
20,10475,8,5,2008,2008,72,1694,0,1694,2,3,7,0,2008,3,776,0,245350
60,10852,6,5,2000,2000,0,959,712,1671,2,3,7,1,2000,2,472,0,173000
70,13728,6,7,1935,1986,0,1236,872,2108,2,4,7,2,1935,2,540,0,235000
60,35760,10,5,1995,1996,1378,1831,1796,3627,3,4,10,1,1995,3,807,0,625000
80,9880,6,6,1977,1977,0,1118,0,1118,1,3,6,1,1977,1,358,576,171000
20,9120,6,6,1958,1958,0,1261,0,1261,1,3,6,1,1958,2,433,0,163000
160,4017,7,5,2006,2007,0,625,625,1250,2,2,5,0,2006,2,625,0,171900
50,18030,5,6,1946,1994,0,1636,971,3086,3,3,12,1,NA,0,0,0,200500
70,16560,6,8,1932,1950,0,1170,1175,2345,2,4,9,1,1932,2,360,0,239000
50,10678,8,5,1992,2000,337,2129,743,2872,2,4,9,1,1992,2,541,0,285000
20,6951,5,5,1984,1985,0,923,0,923,1,3,5,0,1984,1,264,0,119500
50,3950,6,8,1926,2004,0,818,406,1224,1,3,5,0,1926,1,210,0,115000
50,7681,5,6,1921,1950,0,820,523,1343,1,3,7,1,1921,1,186,0,154900
20,8335,5,5,1954,1954,0,1124,0,1124,1,3,5,1,NA,0,0,0,93000
60,11170,7,5,1990,1991,0,1298,1216,2514,2,4,8,0,1990,2,693,0,250000
120,5587,8,5,2008,2008,186,1652,0,1652,2,2,5,1,2008,2,482,0,392500
60,15623,10,5,1996,1996,0,2411,2065,4476,3,4,10,2,1996,3,813,555,745000
30,10800,5,6,1920,1950,0,1130,0,1130,1,2,5,1,1970,2,720,0,120000
20,35133,5,4,1963,1963,226,1572,0,1572,1,3,5,2,1963,3,995,0,186700
50,9738,5,7,1924,1950,0,949,272,1221,1,4,7,0,1965,1,392,0,104900
190,10615,3,5,1900,1970,0,1014,685,1699,2,3,7,0,1920,2,420,0,95000
20,12461,8,5,1994,1995,0,1624,0,1624,2,2,5,1,1994,3,757,0,262000
60,8935,7,5,2002,2002,95,831,829,1660,2,3,7,0,2002,2,493,0,195000
60,7500,7,5,1999,1999,0,1028,776,1804,2,3,7,1,1999,2,442,0,189000
190,32463,4,4,1961,1975,149,1622,0,1622,1,3,7,1,1975,4,1356,0,168000
160,2645,8,5,1999,2000,456,764,677,1441,2,2,5,0,1999,2,492,0,174000
50,9600,5,8,1925,1994,0,842,630,1472,1,3,6,0,1925,1,250,0,125000
120,4500,6,5,1999,1999,425,1224,0,1224,2,2,5,0,1999,2,402,0,165000
60,9364,6,7,1969,1969,143,663,689,1352,1,4,7,0,1969,1,299,0,158000
60,8029,6,5,2005,2005,0,728,728,1456,2,3,8,0,2005,2,400,0,176000
60,14054,7,5,2006,2006,0,879,984,1863,2,4,9,1,2006,3,660,0,219210
75,8850,7,6,1916,1950,0,815,875,1690,1,3,7,1,1916,1,225,0,144000
20,9100,7,5,2001,2001,0,1212,0,1212,2,3,6,0,2001,2,573,0,178000
20,11235,4,5,1963,1979,51,1382,0,1382,1,3,6,1,1974,2,459,0,148000
20,9353,4,5,1970,1970,0,864,0,864,1,3,5,0,1972,1,280,0,116050
60,10400,7,5,1998,1998,0,866,913,1779,2,3,6,0,1998,2,546,0,197900
50,6000,5,8,1925,1997,0,884,464,1348,1,3,5,1,1960,1,216,0,117000
20,9750,7,5,2000,2001,171,1630,0,1630,2,3,6,1,2000,2,451,0,213000
20,10140,5,6,1975,1975,0,1074,0,1074,1,3,6,0,1975,2,495,0,153500
20,14684,7,7,1990,1991,234,2196,0,2196,2,3,7,1,1990,3,701,0,271900
20,8900,4,4,1966,1966,0,1056,0,1056,1,2,5,0,1966,1,384,0,107000
20,9135,6,5,2003,2003,120,1700,0,1700,2,3,7,0,2003,2,544,0,200000
20,7763,5,7,1962,1980,0,1283,0,1283,1,3,6,0,1980,2,506,0,140000
20,10182,8,5,2006,2006,420,1660,0,1660,2,3,8,1,2006,2,500,0,290000
60,11218,6,5,1992,1992,0,1055,790,1845,2,3,8,1,1992,2,462,0,189000
50,12134,8,7,1988,2005,0,1080,672,1752,2,4,8,0,1988,2,492,0,164000
30,9340,4,6,1941,1950,0,672,0,672,1,2,4,0,1941,1,234,0,113000
80,10246,4,9,1965,2001,0,960,0,960,0,0,3,0,1965,1,364,0,145000
85,10205,5,5,1962,1962,0,999,0,999,1,3,6,0,1962,1,300,0,134500
20,7094,5,5,1966,1966,0,894,0,894,1,3,5,0,1966,1,384,0,125000
90,8930,6,5,1978,1978,0,1318,584,1902,2,4,8,0,1978,2,539,0,112000
20,8640,8,5,2009,2009,72,1314,0,1314,2,3,6,0,2009,2,552,0,229456
50,6240,4,5,1947,1950,0,672,240,912,1,2,3,0,NA,0,0,0,80500
160,1680,6,5,1971,1971,236,672,546,1218,1,3,7,0,NA,0,0,0,91500
20,7800,5,5,1964,1964,0,912,0,912,1,2,5,0,1964,1,288,0,115000
20,8250,5,5,1968,1968,0,1211,0,1211,1,3,5,1,1968,1,322,0,134000
50,10496,6,6,1949,1950,320,1168,678,1846,2,3,7,1,1949,1,315,0,143000
20,10680,5,3,1951,1951,44,2136,0,2136,2,4,7,0,1951,2,528,0,137900
60,15384,7,5,2004,2005,0,788,702,1490,2,3,8,1,2004,2,388,0,184000
80,10482,6,8,1958,1958,63,1138,0,1138,1,3,6,0,1958,1,264,0,145000
60,14598,6,5,2007,2007,74,894,1039,1933,2,4,9,1,2007,3,668,0,214000
20,8872,5,8,1965,2008,300,912,0,912,1,2,5,0,1992,2,576,0,147000
120,8769,9,5,2008,2008,766,1702,0,1702,1,1,7,1,2008,3,1052,0,367294
80,7910,5,5,1960,1960,0,1507,0,1507,2,4,7,0,1960,1,404,0,127000
90,18890,5,5,1977,1977,1,1361,1259,2620,2,4,12,1,1977,2,600,0,190000
90,7728,5,6,1962,1962,120,1190,0,1190,1,3,6,0,1962,2,540,0,132500
90,9842,4,5,1962,1962,0,1224,0,1224,2,2,6,0,1962,2,462,0,101800
20,12160,5,5,1959,1959,180,1188,0,1188,1,3,6,0,1959,2,531,0,142000
70,8525,5,6,1911,1950,0,1024,940,1964,1,4,7,0,NA,0,0,0,130000
70,13132,5,5,1914,1950,0,892,892,1784,1,4,9,0,1914,1,180,0,138887
160,2628,7,5,2003,2003,106,764,862,1626,2,2,6,0,2003,2,474,0,175500
60,12393,7,5,2004,2005,0,847,1101,1948,2,4,8,1,2004,2,434,0,195000
20,13072,6,5,2005,2005,0,1141,0,1141,1,3,6,0,2005,2,484,0,142500
20,9037,8,5,2006,2006,32,1484,0,1484,2,2,6,1,2006,2,472,0,265900
60,8158,7,5,2003,2003,252,884,884,1768,2,3,8,0,2003,2,543,0,224900
20,9849,7,6,2007,2007,0,1689,0,1689,2,3,7,0,2007,3,954,0,248328
85,10625,7,6,1974,1974,81,1173,0,1173,2,3,6,2,1974,2,528,0,170000
20,13891,10,5,2006,2006,NA,2076,0,2076,2,2,7,1,2006,3,850,0,465000
70,11435,8,7,1929,1950,0,792,725,1517,1,3,7,2,1931,2,400,0,230000
80,12090,6,7,1984,2003,74,1140,728,1868,3,3,7,1,1984,2,477,0,178000
60,8125,7,5,2005,2006,0,756,797,1553,2,3,6,0,2005,2,615,0,186500
80,12328,6,5,1976,1976,335,1034,0,1034,1,3,6,0,1976,3,888,0,169900
75,9600,6,5,1917,1950,0,1134,924,2058,1,3,8,1,1950,2,396,0,129500
20,7200,5,7,1950,1950,0,988,0,988,1,3,6,0,1950,1,276,0,119000
20,11160,7,5,1968,1968,0,2110,0,2110,2,3,8,2,1968,2,522,0,244000
120,3136,7,5,2003,2003,163,1405,0,1405,2,2,6,1,2003,2,478,0,171750
20,9858,5,6,1968,1968,0,874,0,874,1,3,5,0,1968,1,288,0,130000
60,17542,7,7,1974,2003,0,1516,651,2167,2,3,9,2,1974,2,518,0,294000
60,6931,7,5,2003,2004,92,760,896,1656,2,3,7,1,2003,2,397,0,165400
50,6240,6,6,1931,1950,0,959,408,1367,1,3,6,1,1978,1,560,0,127500
20,14303,8,5,1994,1994,554,1987,0,1987,2,2,7,1,1994,2,691,0,301500
30,4060,5,8,1922,1950,0,864,0,864,1,2,4,0,NA,0,0,0,99900
80,9587,7,5,2005,2005,182,1166,0,1166,2,2,5,0,2005,2,400,0,190000
20,9750,6,8,1969,1969,0,1054,0,1054,1,3,6,0,1969,2,460,0,151000
60,24682,6,5,1999,1999,0,892,783,1675,2,3,7,1,1999,2,502,0,181000
20,9600,5,6,1956,1956,0,1050,0,1050,1,2,5,0,1956,1,338,0,128900
50,11250,4,5,1957,1989,0,1104,684,1788,1,5,8,2,1957,1,304,0,161500
70,13515,6,6,1919,1950,0,1060,764,1824,1,3,8,1,1940,2,520,0,180500
120,4060,6,5,1998,1999,0,1337,0,1337,2,2,5,0,1998,2,511,0,181000
160,3735,7,5,1999,1999,218,713,739,1452,2,3,6,0,1999,2,506,0,183900
190,10120,7,4,1910,1950,0,964,925,1889,1,4,9,1,1960,1,308,0,122000
20,13214,9,5,2008,2009,0,2018,0,2018,2,3,10,1,2009,3,746,0,378500
50,14100,8,9,1935,1997,632,1968,1479,3447,3,4,11,2,1982,3,1014,0,381000
50,11344,5,5,1958,1958,180,874,650,1524,1,3,7,0,1958,1,315,0,144000
40,23595,7,6,1979,1979,0,1332,192,1524,0,0,4,1,1979,2,586,0,260000
20,9156,6,7,1968,1968,0,1489,0,1489,2,3,7,1,1968,2,462,0,185750
20,13526,5,6,1965,1965,114,935,0,935,1,3,5,0,1965,1,288,0,137000
80,11512,6,7,1959,2006,84,1357,0,1357,1,2,5,1,1959,1,312,0,177000
50,5362,5,6,1910,2003,0,661,589,1250,2,3,8,1,1985,2,552,0,139000
90,11345,5,5,1948,1950,567,928,992,1920,2,4,10,0,1948,2,400,0,137000
60,12936,6,6,1972,1972,0,735,660,1395,1,3,6,1,1972,2,497,0,162000
80,17871,6,5,1967,1976,359,1724,0,1724,1,3,7,1,1967,2,480,0,197900
60,9473,8,5,2002,2002,NA,1128,903,2031,2,3,7,1,2002,2,577,0,237000
50,7500,4,4,1920,1950,0,698,430,1128,1,2,6,0,1980,2,528,0,68400
20,9808,7,5,2002,2002,110,1573,0,1573,2,3,6,0,2002,2,544,0,227000
20,8049,7,5,1990,1990,54,1339,0,1339,2,2,6,1,1990,2,484,0,180000
20,8800,5,7,1977,2008,0,1040,0,1040,2,3,5,0,1977,2,484,0,150500
90,9400,6,5,1971,1971,0,912,912,1824,2,4,8,0,NA,0,0,0,139000
50,9638,6,7,1919,1990,0,1699,748,2447,2,4,10,1,1969,1,336,0,169000
50,6000,6,6,1939,1950,0,825,587,1412,1,4,6,1,1939,1,280,0,132500
20,9790,6,5,1963,1963,451,1328,0,1328,1,3,6,2,1963,2,528,0,143000
20,36500,5,5,1964,1964,621,1582,0,1582,2,4,7,0,1964,2,390,0,190000
120,5664,8,5,2000,2000,0,1659,0,1659,2,2,5,1,2000,2,499,0,278000
60,11065,8,5,2006,2006,788,1120,850,1970,2,3,8,1,2006,3,753,0,281000
80,14112,5,7,1964,1964,86,1152,0,1152,1,3,6,1,1964,2,484,0,180500
160,1680,5,7,1972,1972,268,630,672,1302,2,3,6,0,1972,1,264,0,119500
70,6600,5,4,1892,1965,0,1378,994,2372,2,4,11,0,1985,1,432,0,107500
60,10140,7,5,1976,1976,0,832,832,1664,2,4,8,1,1976,2,528,0,162900
20,8172,5,7,1955,1990,0,864,0,864,1,2,5,0,1957,2,572,0,115000
20,8400,5,5,1968,1968,168,1052,0,1052,1,3,5,0,1968,1,288,0,138500
20,8700,5,6,1963,1963,148,1128,0,1128,2,3,6,0,1963,2,525,0,155000
180,3675,6,5,2005,2006,82,1072,0,1072,2,2,5,0,2005,2,525,0,140000
60,63887,10,5,2008,2008,796,4692,950,5642,2,3,12,3,2008,2,1418,480,160000
20,7500,5,7,1959,1994,0,1246,0,1246,1,3,6,0,1959,1,305,0,154000
60,10762,7,5,1999,1999,344,1005,978,1983,2,3,9,1,1999,2,490,0,225000
70,7500,6,7,1942,1950,0,753,741,1494,1,3,7,2,1942,1,213,0,177500
60,10120,8,5,1994,1994,391,1203,1323,2526,2,4,8,1,1994,3,844,0,290000
20,8688,7,5,2005,2005,228,1616,0,1616,2,3,7,0,2005,3,834,0,232000
160,3363,7,5,2004,2004,117,976,732,1708,2,3,7,0,2004,2,380,0,130000
20,13173,9,5,2006,2007,300,1652,0,1652,2,2,6,2,2006,2,840,0,325000
120,6955,7,5,2005,2006,94,1368,0,1368,2,2,6,1,2005,2,474,0,202500
20,8072,5,5,1994,1995,0,990,0,990,1,3,5,0,2000,2,480,0,138000
20,12000,5,7,1948,2005,0,1122,0,1122,1,2,6,0,1948,2,528,0,147000
20,7153,6,5,1991,1991,88,1294,0,1294,2,3,6,0,1991,2,496,0,179200
20,17500,7,8,1959,2002,0,1902,0,1902,2,3,7,2,1959,2,567,0,335000
20,8814,7,5,2005,2007,80,1274,0,1274,2,3,6,0,2005,2,508,0,203000
60,9572,8,5,1990,1990,336,1453,1357,2810,2,4,9,1,1990,2,750,0,302000
60,14774,9,5,1999,1999,165,1422,1177,2599,2,4,10,1,1999,3,779,0,333168
20,8190,4,6,1954,1954,0,948,0,948,1,3,5,1,1956,1,280,0,119000
60,11075,6,5,1969,1969,0,1092,1020,2112,2,4,9,2,1969,2,576,0,206900
20,10226,8,5,2008,2008,270,1630,0,1630,2,3,8,1,2008,3,860,0,295493
120,4230,7,5,2006,2007,0,1352,0,1352,2,2,5,1,2006,2,466,0,208900
20,14781,8,5,2001,2002,178,1787,0,1787,2,3,7,1,2001,3,748,0,275000
20,10215,4,5,1954,1954,132,948,0,948,1,3,5,0,1954,1,248,0,111000
20,8400,6,3,1957,1957,0,1478,0,1478,1,3,6,2,1957,2,442,0,156500
20,6627,3,6,1949,1950,0,720,0,720,1,2,4,0,1955,1,287,0,72500
60,10186,7,5,1992,1992,0,1061,862,1923,2,3,8,1,1992,2,564,0,190000
30,5330,4,7,1940,1950,0,708,0,708,1,2,5,0,NA,0,0,0,82500
20,9986,8,5,2006,2007,428,1795,0,1795,2,2,7,1,2007,3,895,0,147000
30,3636,4,4,1922,1950,0,796,0,796,1,2,5,0,NA,0,0,0,55000
30,4270,3,6,1931,2006,0,774,0,774,1,3,6,0,NA,0,0,0,79000
20,6600,5,9,1982,2008,0,816,0,816,1,3,5,1,1982,1,264,0,130500
50,10440,6,7,1920,1950,0,1584,1208,2792,2,5,8,2,1920,2,520,0,256000
60,9084,7,5,1998,1998,0,955,677,1632,2,3,8,1,1998,2,462,0,176500
20,10000,8,5,2006,2006,410,1588,0,1588,2,3,7,1,2006,3,825,0,227000
80,10780,5,5,1976,1976,0,954,0,954,1,3,6,0,1976,2,576,0,132500
20,8877,4,6,1938,1958,0,816,0,816,1,2,3,1,1958,1,288,0,100000
50,7200,5,6,1938,1995,0,803,557,1360,1,2,6,0,1951,1,297,0,125500
160,2368,5,6,1970,1970,312,765,600,1365,1,3,7,0,1970,2,440,0,125000
20,9650,6,5,1977,1977,360,1334,0,1334,2,2,6,1,1977,2,630,0,167900
90,9246,5,5,1973,1973,564,1656,0,1656,2,4,8,0,1973,2,506,0,135000
30,4118,4,4,1941,1950,0,693,0,693,1,2,4,0,NA,0,0,0,52500
60,13450,7,5,2002,2002,0,920,941,1861,2,3,8,0,2002,2,492,0,200000
20,9560,5,7,1972,1972,0,864,0,864,1,3,5,0,1972,1,288,0,128500
20,8294,4,5,1971,1971,0,872,0,872,1,3,5,0,1974,4,480,0,123000
20,13695,6,5,2003,2004,0,1114,0,1114,1,3,6,0,2004,2,576,0,155000
60,9375,8,5,2002,2002,149,1284,885,2169,2,3,7,1,2002,2,647,0,228500
50,7558,6,6,1928,1950,0,1172,741,1913,1,3,9,1,1929,2,342,0,177000
60,11103,7,5,2006,2006,0,728,728,1456,2,3,8,1,2006,2,440,0,155835
30,6000,4,4,1920,1950,0,960,0,960,1,2,5,0,1997,1,308,0,108500
20,20781,7,7,1968,2003,0,2156,0,2156,2,3,9,1,1968,2,508,0,262500
20,15306,8,5,2006,2007,100,1776,0,1776,2,3,7,1,2006,3,712,0,283463
20,16196,7,5,1998,1998,0,1494,0,1494,2,3,5,1,1998,2,514,0,215000
70,5250,8,5,1872,1987,0,938,1215,2358,2,4,8,0,NA,0,0,0,122000
90,11643,5,5,1969,1969,368,1338,1296,2634,2,6,12,0,1969,4,968,0,200000
60,9247,6,6,1962,1962,318,858,858,1716,1,4,8,1,1962,2,490,0,171000
50,6000,6,9,1937,2000,0,786,390,1176,1,2,4,0,1999,2,624,0,134900
50,14720,8,5,1995,1996,579,2053,1185,3238,2,4,9,1,1996,3,666,0,410000
60,10316,7,5,2000,2000,0,992,873,1865,2,3,7,1,2000,3,839,0,235000
80,10192,7,6,1968,1992,143,1222,698,1920,3,4,8,1,1968,2,487,0,170000
20,9477,5,5,1966,1966,65,892,0,892,1,3,5,0,1966,1,264,0,110000
20,12537,5,6,1971,2008,0,1078,0,1078,1,3,6,1,1971,2,500,0,149900
160,2117,6,5,2000,2000,216,769,804,1573,2,3,5,0,2000,2,440,0,177500
20,16737,9,5,2004,2005,66,1980,0,1980,2,3,8,1,2004,3,770,0,315000
70,9842,5,6,1921,1998,0,990,1611,2601,3,4,8,0,1998,2,621,0,189000
20,16158,7,5,2005,2005,16,1530,0,1530,2,3,7,1,2005,2,430,0,260000
50,12513,4,4,1920,2007,0,1281,457,1738,2,4,7,1,1920,1,368,0,104900
60,8499,6,5,2006,2007,0,616,796,1412,2,3,6,1,2007,2,432,0,156932
160,3180,7,5,2005,2005,0,520,600,1200,2,2,4,0,2005,2,480,0,144152
60,7500,7,5,2000,2000,0,814,860,1674,2,3,7,0,2000,2,663,0,216000
60,9179,7,5,1999,1999,158,882,908,1790,2,3,7,0,1999,2,588,0,193000
160,2665,5,6,1977,1977,0,925,550,1475,2,4,6,1,1977,1,336,0,127000
120,4435,6,5,2003,2004,170,848,0,848,1,1,4,0,2003,2,420,0,144000
20,10635,8,5,2003,2003,171,1668,0,1668,2,3,8,1,2003,2,502,0,232000
50,5400,4,6,1920,1950,0,840,534,1374,1,2,6,0,1967,1,338,0,105000
80,9600,6,6,1955,1996,0,1661,0,1661,1,3,8,1,1955,1,377,0,165500
60,9750,7,6,1998,1998,0,1108,989,2097,2,3,8,1,1998,2,583,0,274300
20,11400,10,5,2001,2002,705,2633,0,2633,2,2,8,2,2001,3,804,0,466500
60,10625,7,5,2005,2005,0,1026,932,1958,2,3,9,1,2005,3,936,0,250000
20,10991,8,5,2007,2007,80,1571,0,1571,2,3,7,1,2007,3,722,0,239000
30,6292,6,5,1930,1950,0,790,0,790,1,2,4,0,1925,1,160,0,91000
50,10998,5,5,1941,1960,0,984,620,1604,2,3,6,0,1977,2,660,0,117000
160,1953,6,5,1973,1973,408,483,504,987,1,2,5,0,1973,1,264,0,83000
80,9735,5,5,2006,2007,0,754,640,1394,2,3,7,0,2007,2,400,0,167500
30,8212,3,3,1914,1950,0,864,0,864,1,2,5,0,1938,1,200,0,58500
20,12925,6,7,1970,1970,0,2117,0,2117,2,4,7,2,1970,2,550,0,237500
70,7200,7,7,1920,1950,0,998,764,1762,1,4,8,0,1989,2,576,0,157000
30,25339,5,7,1918,2007,0,1416,0,1416,2,3,7,0,2007,2,576,0,112000
50,9060,6,5,1939,1950,0,698,560,1258,1,2,6,0,1939,1,280,0,105000
50,5436,4,8,1922,2007,0,796,358,1154,1,3,7,0,1922,1,240,0,125500
60,16692,7,5,1978,1978,184,1392,1392,2784,3,5,12,2,1978,2,564,519,250000
50,8520,6,7,1916,1950,0,1664,862,2526,2,5,10,1,1916,1,216,0,136000
20,14892,9,5,2006,2007,160,1746,0,1746,2,3,7,2,2006,3,758,0,377500
50,6000,6,6,1941,1950,0,869,349,1218,1,3,6,1,2003,2,440,0,131000
20,9100,7,5,2000,2000,244,1525,0,1525,2,3,6,0,2000,2,541,0,235000
90,8944,5,5,1967,1967,0,1584,0,1584,2,4,8,0,1967,3,792,0,124000
85,7838,5,5,1967,1967,0,900,0,900,1,3,6,1,1967,1,288,0,123000
190,10800,6,7,1905,2000,0,1221,691,1912,2,3,7,1,2003,2,672,0,163000
120,4045,7,5,2006,2006,45,1500,0,1500,2,2,6,1,2006,3,648,0,246578
60,12665,8,5,2005,2006,245,1133,1349,2482,2,4,9,1,2005,3,642,0,281213
20,57200,5,5,1948,1950,0,1687,0,1687,1,3,7,2,1966,2,572,0,160000
70,6120,5,8,1920,2004,0,939,574,1513,1,4,8,0,1933,1,180,0,137500
50,7200,5,4,1950,1982,0,1136,768,1904,1,3,7,0,1950,1,240,0,138000
50,6171,6,6,1925,1990,0,1160,448,1608,2,3,7,1,1925,1,216,0,137450
50,6000,6,7,1929,1950,0,950,208,1158,1,3,5,1,1929,1,208,0,120000
60,7415,6,5,2004,2004,0,864,729,1593,2,3,8,1,2004,2,398,0,193000
20,6762,7,5,2006,2006,0,1294,0,1294,2,2,6,1,2006,2,662,0,193879
20,15256,8,5,2007,2007,84,1464,0,1464,2,3,6,0,2007,3,754,0,282922
50,10410,3,4,1915,1950,0,694,520,1214,1,3,6,0,1998,3,936,0,105000
120,3842,8,5,2004,2005,174,1646,0,1646,2,2,5,1,2004,2,482,0,275000
85,8445,5,7,1972,2007,0,768,0,768,1,2,5,0,1988,2,396,0,133000
20,8780,5,5,1985,1985,0,833,0,833,1,3,5,0,NA,0,0,0,112000
70,7740,4,7,1910,1950,0,741,622,1363,1,3,6,0,1966,2,528,0,125500
60,20544,7,6,1986,1991,123,1236,857,2093,2,3,7,1,1986,2,542,0,215000
60,12420,7,5,2001,2001,0,944,896,1840,2,3,6,0,2001,2,622,0,230000
50,9600,6,8,1950,2005,0,1112,556,1668,1,3,6,0,1950,1,271,0,140000
90,7200,4,5,1949,1950,0,1040,0,1040,2,2,6,0,1956,2,420,0,90000
20,10994,8,5,2005,2006,366,1844,0,1844,2,2,7,1,2005,2,620,0,257000
50,13053,6,7,1923,2000,0,1053,795,1848,1,4,8,1,1922,2,370,0,207000
120,3635,7,5,2007,2007,130,1569,0,1569,2,1,7,1,2007,3,660,0,175900
190,11340,4,6,1885,1950,0,1246,1044,2290,2,4,11,0,1971,2,560,0,122500
60,16545,8,5,1998,1998,731,1310,1140,2450,2,3,7,1,1998,3,1069,0,340000
20,9204,5,5,1963,1963,0,1144,0,1144,1,3,6,0,1962,1,336,0,124000
20,16381,6,5,1969,1969,312,1844,0,1844,2,3,7,1,1969,2,540,0,223000
60,11700,6,6,1968,1968,420,708,708,1416,2,3,7,1,1968,2,776,0,179900
120,4043,6,5,1977,1977,0,1069,0,1069,2,2,4,1,1977,2,440,0,127500
120,4435,6,5,2003,2003,170,848,0,848,1,1,3,0,2003,2,420,0,136500
80,19690,6,7,1966,1966,0,1575,626,2201,2,4,8,1,1966,2,432,738,274970
20,9503,5,5,1958,1983,0,1344,0,1344,1,2,6,1,1970,1,484,0,144000
20,10721,6,6,1959,1959,243,1252,0,1252,1,3,7,0,1960,2,528,0,142000
60,10944,7,5,1994,1994,448,1223,904,2127,2,3,5,2,1994,2,525,0,271000
50,10930,5,6,1945,1950,0,1048,510,1558,1,3,6,1,1962,1,288,0,140000
30,7200,5,7,1940,1992,294,804,0,804,1,2,4,2,1940,1,240,0,119000
20,12546,6,7,1981,1981,310,1440,0,1440,2,3,7,1,1981,2,467,0,182900
60,21930,5,5,2005,2005,0,734,1104,1838,2,4,7,1,2005,2,372,0,192140
120,4928,6,6,1976,1976,0,958,0,958,2,2,5,0,1976,2,440,0,143750
30,10800,4,6,1927,2007,0,968,0,968,2,4,5,0,1928,1,216,0,64500
60,10261,6,5,2000,2000,318,962,830,1792,2,3,8,1,2000,2,451,0,186500
20,17400,5,5,1977,1977,0,1126,0,1126,2,3,5,1,1977,2,484,0,160000
20,8400,6,9,1962,2005,237,1537,0,1537,1,3,7,1,1962,2,462,0,174000
20,9000,4,6,1971,1971,0,864,0,864,1,3,5,0,1974,2,528,0,120500
20,12444,8,5,2008,2008,426,1932,0,1932,2,2,7,1,2008,3,774,0,394617
20,7407,6,7,1957,1996,0,1236,0,1236,1,2,6,0,1957,2,923,0,149700
60,11584,7,6,1979,1979,96,1040,685,1725,2,3,6,1,1979,2,550,0,197000
70,11526,6,7,1922,1994,0,1423,748,2555,2,3,11,1,1993,2,672,0,191000
120,4426,6,5,2004,2004,147,848,0,848,1,1,3,1,2004,2,420,0,149300
60,11003,10,5,2008,2008,160,1026,981,2007,2,3,10,1,2008,3,812,0,310000
30,8854,6,6,1916,1950,0,952,0,952,1,2,4,1,1916,1,192,0,121000
20,8500,7,5,2004,2004,106,1422,0,1422,2,3,7,0,2004,2,626,0,179600
85,8400,6,5,1966,1966,0,913,0,913,1,3,6,0,1990,1,240,0,129000
20,26142,5,7,1962,1962,189,1188,0,1188,1,3,6,0,1962,1,312,0,157900
60,10000,8,5,1995,1996,438,1220,870,2090,2,3,8,1,1995,2,556,0,240000
50,11767,4,7,1910,2000,0,796,550,1346,1,2,6,0,1950,1,384,0,112000
180,1533,5,7,1970,1970,0,630,0,630,1,1,3,0,NA,0,0,0,92000
90,9000,5,5,1974,1974,0,896,896,1792,2,4,8,0,NA,0,0,0,136000
20,9262,8,5,2008,2009,194,1578,0,1578,2,3,7,1,2008,3,840,0,287090
180,3675,5,5,2005,2005,80,1072,0,1072,1,2,5,0,2005,2,525,0,145000
20,17217,5,5,2006,2006,0,1140,0,1140,1,3,6,0,NA,0,0,0,84500
20,7500,7,5,2004,2005,0,1221,0,1221,2,2,6,0,2004,2,400,0,185000
60,7917,6,5,1999,2000,0,953,694,1647,2,3,7,1,1999,2,460,0,175000
20,13175,6,6,1978,1988,119,2073,0,2073,2,3,7,2,1978,2,500,0,210000
70,9042,7,9,1941,2006,0,1188,1152,2340,2,4,9,2,1941,1,252,0,266500
20,9717,5,6,1950,1996,0,1078,0,1078,1,2,5,0,1950,1,240,0,142125
20,9937,5,6,1965,1965,0,1256,0,1256,1,3,6,0,1965,1,276,0,147500